BULK INSERT HumanResources.Employee
FROM 'C:\Users\Lenovo\Desktop\db2\project\Create_Initial_Data\tradeportdb_data\employee.csv'
WITH (
    FIELDTERMINATOR = ':',
    ROWTERMINATOR = '\n',
    FIRSTROW = 2,
    CODEPAGE = '65001' -- برای UTF-8
);


go

BULK INSERT HumanResources.Attendance
FROM 'C:\Users\Lenovo\Desktop\db2\project\Create_Initial_Data\tradeportdb_data\attendance.csv'
WITH (
    FIELDTERMINATOR = ',',
    ROWTERMINATOR = '\n',
    FIRSTROW = 2,
    CODEPAGE = '65001' -- برای UTF-8
);

go

BULK INSERT HumanResources.SalaryPayment
FROM 'C:\Users\Lenovo\Desktop\db2\project\Create_Initial_Data\tradeportdb_data\salary_payment.csv'
WITH (
    FIELDTERMINATOR = ',',
    ROWTERMINATOR = '\n',
    FIRSTROW = 2,
    CODEPAGE = '65001' -- برای UTF-8
);

go

USE TradePortDB;
GO

-- ----------------------------------
-- Insert data for JobTitle
-- ----------------------------------
INSERT INTO HumanResources.JobTitle (JobTitleID, JobTitleName, JobCategory, BaseSalary, IsActive) VALUES
(1, 'Crane Operator', 'Operational', 4500.00, 1),
(2, 'Forklift Driver', 'Operational', 3500.00, 1),
(3, 'Dock Supervisor', 'Operational', 5500.00, 1),
(4, 'Logistics Clerk', 'Administrative', 3000.00, 1),
(5, 'Port Manager', 'Administrative', 8000.00, 1),
(6, 'Maintenance Technician', 'Operational', 4000.00, 1),
(7, 'Security Officer', 'Operational', 3200.00, 1),
(8, 'Cargo Inspector', 'Operational', 3800.00, 1),
(9, 'HR Specialist', 'Administrative', 4500.00, 1),
(10, 'Accountant', 'Administrative', 5000.00, 1),
(11, 'Operations Coordinator', 'Operational', 4800.00, 1),
(12, 'Safety Officer', 'Operational', 4200.00, 1),
(13, 'IT Support', 'Administrative', 4000.00, 1),
(14, 'Warehouse Manager', 'Operational', 6000.00, 1),
(15, 'Shift Supervisor', 'Operational', 5200.00, 1),
(16, 'Equipment Operator', 'Operational', 3600.00, 1),
(17, 'Training Coordinator', 'Administrative', 4300.00, 1),
(18, 'Compliance Officer', 'Administrative', 4700.00, 1),
(19, 'Berth Coordinator', 'Operational', 3900.00, 1),
(20, 'Yard Planner', 'Operational', 4100.00, 1),
(21, 'Payroll Clerk', 'Administrative', 3100.00, 1),
(22, 'Facility Manager', 'Administrative', 6500.00, 1),
(23, 'Electrician', 'Operational', 3800.00, 1),
(24, 'Mechanic', 'Operational', 3700.00, 1),
(25, 'Port Engineer', 'Operational', 7000.00, 1),
(26, 'Data Analyst', 'Administrative', 4800.00, 1),
(27, 'Customer Service Rep', 'Administrative', 3300.00, 1),
(28, 'Inventory Clerk', 'Operational', 3000.00, 1),
(29, 'Health Inspector', 'Operational', 4500.00, 1),
(30, 'Traffic Controller', 'Operational', 4000.00, 1),
(31, 'Crane Operator Lead', 'Operational', 5000.00, 1),
(32, 'HR Manager', 'Administrative', 7500.00, 1),
(33, 'Procurement Officer', 'Administrative', 4600.00, 1),
(34, 'Safety Trainer', 'Operational', 4200.00, 1),
(35, 'Dock Worker', 'Operational', 3400.00, 1),
(36, 'Billing Clerk', 'Administrative', 3100.00, 1),
(37, 'Network Administrator', 'Administrative', 5200.00, 1),
(38, 'Vessel Coordinator', 'Operational', 4300.00, 1),
(39, 'Quality Control', 'Operational', 3900.00, 1),
(40, 'Environmental Officer', 'Administrative', 4800.00, 1),
(41, 'Retired Crane Operator', 'Operational', 4500.00, 0),
(42, 'Old Logistics Clerk', 'Administrative', 3000.00, 0),
(43, 'Former Safety Officer', 'Operational', 4200.00, 0),
(44, 'Retired Manager', 'Administrative', 8000.00, 0),
(45, 'Old Security Officer', 'Operational', 3200.00, 0),
(46, 'Customs Officer', 'Administrative', 4700.00, 1),
(47, 'Marine Surveyor', 'Operational', 5500.00, 1),
(48, 'Gate Operator', 'Operational', 3300.00, 1),
(49, 'Yard Supervisor', 'Operational', 5100.00, 1),
(50, 'Operations Analyst', 'Administrative', 4900.00, 1);
GO

-- ----------------------------------
-- Insert data for LeaveType
-- ----------------------------------
INSERT INTO HumanResources.LeaveType (LeaveTypeID, LeaveTypeName, IsPaid, MaxDaysPerYear) VALUES
(1, 'Annual Leave', 1, 20),
(2, 'Sick Leave', 1, 15),
(3, 'Maternity Leave', 1, 90),
(4, 'Paternity Leave', 1, 10),
(5, 'Unpaid Leave', 0, 30),
(6, 'Bereavement Leave', 1, 5),
(7, 'Emergency Leave', 1, 7),
(8, 'Study Leave', 0, 15),
(9, 'Public Holiday', 1, 10),
(10, 'Compensatory Leave', 1, 10);
GO

-- ----------------------------------
-- Insert data for TrainingProgram
-- ----------------------------------
INSERT INTO HumanResources.TrainingProgram (TrainingProgramID, ProgramName, Category, DurationHours, Cost, IsActive) VALUES
(1, 'Crane Operation Safety', 'Safety', 8.00, 500.00, 1),
(2, 'Forklift Operation', 'Technical', 12.00, 600.00, 1),
(3, 'Hazardous Materials Handling', 'Safety', 6.00, 400.00, 1),
(4, 'First Aid Training', 'Safety', 4.00, 200.00, 1),
(5, 'Port Security Protocols', 'Safety', 8.00, 450.00, 1),
(6, 'Logistics Software Training', 'Technical', 16.00, 800.00, 1),
(7, 'Fire Safety Procedures', 'Safety', 6.00, 300.00, 1),
(8, 'Container Inspection', 'Technical', 10.00, 500.00, 1),
(9, 'Leadership Development', 'Technical', 20.00, 1200.00, 1),
(10, 'Environmental Compliance', 'Safety', 8.00, 400.00, 1),
(11, 'Equipment Maintenance', 'Technical', 12.00, 700.00, 1),
(12, 'Customer Service Skills', 'Technical', 8.00, 350.00, 1),
(13, 'Data Entry Training', 'Technical', 10.00, 400.00, 1),
(14, 'Workplace Ergonomics', 'Safety', 4.00, 200.00, 1),
(15, 'Berth Management', 'Technical', 12.00, 600.00, 1),
(16, 'Advanced Safety Training', 'Safety', 16.00, 900.00, 1),
(17, 'HR Policies Workshop', 'Technical', 8.00, 400.00, 1),
(18, 'Quality Control Standards', 'Technical', 10.00, 500.00, 1),
(19, 'Retired Safety Training', 'Safety', 8.00, 400.00, 0),
(20, 'Old Forklift Training', 'Technical', 12.00, 600.00, 0);
GO

-- ----------------------------------
-- Insert data for Department
-- ----------------------------------
INSERT INTO HumanResources.Department (DepartmentID, DepartmentName, ManagerID, IsActive) VALUES
(1, 'Port Operations', 5, 1),
(2, 'Human Resources', 32, 1),
(3, 'Finance', 10, 1),
(4, 'Security', 7, 1),
(5, 'Maintenance', 6, 1),
(6, 'Logistics', 4, 1),
(7, 'IT Services', 13, 1),
(8, 'Safety Compliance', 12, 1),
(9, 'Warehouse Management', 14, 1),
(10, 'Administration', 22, 1),
(11, 'Procurement', 33, 1),
(12, 'Training', 17, 1),
(13, 'Environmental Management', 40, 1),
(14, 'Customer Service', 27, 1),
(15, 'Berth Operations', 15, 1),
(16, 'Yard Management', 20, 1),
(17, 'Quality Control', 39, 1),
(18, 'Customs', 46, 1),
(19, 'Engineering', 25, 1),
(20, 'Legacy Operations', 5, 0);
GO

-- ----------------------------------
-- Insert data for EmploymentHistory
-- ----------------------------------
--INSERT INTO HumanResources.EmploymentHistory (EmploymentHistoryID, EmployeeID, JobTitleID, DepartmentID, StartDate, EndDate, Salary, EmploymentType) VALUES
--(1, 1, 1, 1, '2022-03-15', NULL, 4500.00, 'Permanent'),
--(2, 2, 4, 6, '2020-11-03', NULL, 3000.00, 'Permanent'),
--(3, 3, 3, 1, '2021-06-10', '2023-12-31', 5500.00, 'Permanent'),
--(4, 4, 7, 4, '2019-08-20', NULL, 3200.00, 'Contract'),
--(5, 5, 5, 10, '2018-05-01', NULL, 8000.00, 'Permanent'),
--(6, 6, 6, 5, '2020-02-15', NULL, 4000.00, 'Permanent'),
--(7, 7, 8, 1, '2021-09-05', '2023-06-30', 3800.00, 'Contract'),
--(8, 8, 9, 2, '2022-01-10', NULL, 4500.00, 'Permanent'),
--(9, 9, 10, 3, '2020-04-22', NULL, 5000.00, 'Permanent'),
--(10, 10, 11, 1, '2021-03-18', NULL, 4800.00, 'Permanent'),
--(11, 11, 12, 8, '2019-11-12', NULL, 4200.00, 'Permanent'),
--(12, 12, 13, 7, '2020-07-30', NULL, 4000.00, 'PartTime'),
--(13, 13, 14, 9, '2021-05-25', NULL, 6000.00, 'Permanent'),
--(14, 14, 15, 15, '2022-02-14', NULL, 5200.00, 'Permanent'),
--(15, 15, 16, 1, '2020-09-08', '2022-12-31', 3600.00, 'Contract'),
--(16, 16, 17, 12, '2021-10-20', NULL, 4300.00, 'Permanent'),
--(17, 17, 18, 10, '2020-03-05', NULL, 4700.00, 'Permanent'),
--(18, 18, 19, 15, '2022-06-17', NULL, 3900.00, 'Permanent'),
--(19, 19, 20, 16, '2021-08-03', NULL, 4100.00, 'Permanent'),
--(20, 20, 21, 3, '2020-12-01', NULL, 3100.00, 'PartTime'),
--(21, 21, 22, 10, '2019-04-15', NULL, 6500.00, 'Permanent'),
--(22, 22, 23, 5, '2021-01-30', NULL, 3800.00, 'Contract'),
--(23, 23, 24, 5, '2020-05-12', NULL, 3700.00, 'Permanent'),
--(24, 24, 25, 19, '2022-03-22', NULL, 7000.00, 'Permanent'),
--(25, 25, 26, 10, '2021-07-10', NULL, 4800.00, 'Permanent'),
--(26, 26, 27, 14, '2020-10-25', NULL, 3300.00, 'PartTime'),
--(27, 27, 28, 9, '2021-04-05', NULL, 3000.00, 'Permanent'),
--(28, 28, 29, 8, '2020-06-18', NULL, 4500.00, 'Permanent'),
--(29, 29, 30, 1, '2022-01-15', NULL, 4000.00, 'Contract'),
--(30, 30, 31, 1, '2021-09-20', NULL, 5000.00, 'Permanent'),
--(31, 31, 32, 2, '2020-02-10', NULL, 7500.00, 'Permanent'),
--(32, 32, 33, 11, '2021-11-08', NULL, 4600.00, 'Permanent'),
--(33, 33, 34, 8, '2020-08-14', NULL, 4200.00, 'Permanent'),
--(34, 34, 35, 1, '2022-05-30', NULL, 3400.00, 'Contract'),
--(35, 35, 36, 3, '2021-03-01', NULL, 3100.00, 'PartTime'),
--(36, 36, 37, 7, '2020-07-22', NULL, 5200.00, 'Permanent'),
--(37, 37, 38, 15, '2021-12-10', NULL, 4300.00, 'Permanent'),
--(38, 38, 39, 17, '2020-04-28', NULL, 3900.00, 'Permanent'),
--(39, 39, 40, 13, '2021-06-15', NULL, 4800.00, 'Permanent'),
--(40, 40, 46, 18, '2020-09-30', NULL, 4700.00, 'Permanent'),
--(41, 41, 47, 1, '2022-02-05', NULL, 5500.00, 'Contract'),
--(42, 42, 48, 1, '2021-08-22', NULL, 3300.00, 'Permanent'),
--(43, 43, 49, 16, '2020-11-17', NULL, 5100.00, 'Permanent'),
--(44, 44, 50, 10, '2021-05-08', NULL, 4900.00, 'Permanent'),
--(45, 45, 1, 1, '2019-06-12', '2021-06-11', 4500.00, 'Permanent'),
--(46, 46, 3, 1, '2020-03-20', NULL, 5500.00, 'Permanent'),
--(47, 47, 4, 6, '2021-01-25', NULL, 3000.00, 'PartTime'),
--(48, 48, 7, 4, '2020-10-10', NULL, 3200.00, 'Contract'),
--(49, 49, 9, 2, '2022-04-15', NULL, 4500.00, 'Permanent'),
--(50, 50, 11, 1, '2021-07-30', NULL, 4800.00, 'Permanent'),
--(51, 951, 1, 1, '2020-01-10', '2023-06-15', 4500.00, 'Permanent'),
--(52, 952, 6, 5, '2018-05-15', '2022-11-20', 4000.00, 'Permanent'),
--(53, 953, 7, 4, '2021-03-01', '2024-03-10', 3200.00, 'Contract'),
--(54, 954, 4, 6, '2020-06-20', '2023-09-05', 3000.00, 'Permanent'),
--(55, 955, 5, 10, '2019-02-10', '2022-07-22', 8000.00, 'Permanent'),
--(56, 956, 11, 1, '2021-08-15', '2024-01-18', 4800.00, 'Permanent'),
--(57, 957, 8, 1, '2020-04-05', '2023-04-30', 3800.00, 'Contract'),
--(58, 958, 9, 2, '2021-01-12', '2022-12-12', 4500.00, 'Permanent'),
--(59, 959, 12, 8, '2019-07-20', '2023-08-25', 4200.00, 'Permanent'),
--(60, 960, 19, 15, '2020-09-10', '2024-02-28', 3900.00, 'Permanent'),
--(61, 961, 16, 1, '2021-02-15', '2023-05-17', 3600.00, 'Contract'),
--(62, 962, 27, 14, '2020-03-25', '2022-10-08', 3300.00, 'PartTime'),
--(63, 963, 14, 9, '2018-11-10', '2023-11-15', 6000.00, 'Permanent'),
--(64, 964, 20, 16, '2021-05-05', '2024-04-20', 4100.00, 'Permanent'),
--(65, 965, 29, 8, '2020-07-15', '2023-02-10', 4500.00, 'Permanent'),
--(66, 966, 35, 1, '2021-04-20', '2022-09-30', 3400.00, 'Contract'),
--(67, 967, 22, 10, '2019-03-10', '2023-07-12', 6500.00, 'Permanent'),
--(68, 968, 26, 10, '2020-10-15', '2024-03-25', 4800.00, 'Permanent'),
--(69, 969, 30, 1, '2021-06-01', '2023-01-05', 4000.00, 'Contract'),
--(70, 970, 28, 9, '2020-02-20', '2022-08-15', 3000.00, 'Permanent');
GO
USE TradePortDB;
GO

-- ----------------------------------
-- Insert data for EmploymentHistory
-- ----------------------------------
INSERT INTO HumanResources.EmploymentHistory (EmploymentHistoryID, EmployeeID, JobTitleID, DepartmentID, StartDate, EndDate, Salary, EmploymentType) VALUES
(1, 1, 1, 1, '2022-03-15', NULL, 4500.00, 'Permanent'),
(2, 2, 4, 6, '2020-11-03', NULL, 3000.00, 'Permanent'),
(3, 3, 3, 1, '2021-06-10', NULL, 5500.00, 'Permanent'),
(4, 4, 7, 4, '2019-08-20', NULL, 3200.00, 'Contract'),
(5, 5, 5, 10, '2018-05-01', NULL, 8000.00, 'Permanent'),
(6, 6, 6, 5, '2020-02-15', NULL, 4000.00, 'Permanent'),
(7, 7, 8, 1, '2021-09-05', NULL, 3800.00, 'Contract'),
(8, 8, 9, 2, '2022-01-10', NULL, 4500.00, 'Permanent'),
(9, 9, 10, 3, '2020-04-22', NULL, 5000.00, 'Permanent'),
(10, 10, 11, 1, '2021-03-18', NULL, 4800.00, 'Permanent'),
(11, 11, 12, 8, '2019-11-12', NULL, 4200.00, 'Permanent'),
(12, 12, 13, 7, '2020-07-30', NULL, 4000.00, 'PartTime'),
(13, 13, 14, 9, '2021-05-25', NULL, 6000.00, 'Permanent'),
(14, 14, 15, 15, '2022-02-14', NULL, 5200.00, 'Permanent'),
(15, 15, 16, 1, '2020-09-08', NULL, 3600.00, 'Contract'),
(16, 16, 17, 12, '2021-10-20', NULL, 4300.00, 'Permanent'),
(17, 17, 18, 10, '2020-03-05', NULL, 4700.00, 'Permanent'),
(18, 18, 19, 15, '2022-06-17', NULL, 3900.00, 'Permanent'),
(19, 19, 20, 16, '2021-08-03', NULL, 4100.00, 'Permanent'),
(20, 20, 21, 3, '2020-12-01', NULL, 3100.00, 'PartTime'),
(21, 21, 22, 10, '2019-04-15', NULL, 6500.00, 'Permanent'),
(22, 22, 23, 5, '2021-01-30', NULL, 3800.00, 'Contract'),
(23, 23, 24, 5, '2020-05-12', NULL, 3700.00, 'Permanent'),
(24, 24, 25, 19, '2022-03-22', NULL, 7000.00, 'Permanent'),
(25, 25, 26, 10, '2021-07-10', NULL, 4800.00, 'Permanent'),
(26, 26, 27, 14, '2020-10-25', NULL, 3300.00, 'PartTime'),
(27, 27, 28, 9, '2021-04-05', NULL, 3000.00, 'Permanent'),
(28, 28, 29, 8, '2020-06-18', NULL, 4500.00, 'Permanent'),
(29, 29, 30, 1, '2022-01-15', NULL, 4000.00, 'Contract'),
(30, 30, 31, 1, '2021-09-20', NULL, 5000.00, 'Permanent'),
(31, 31, 32, 2, '2020-02-10', NULL, 7500.00, 'Permanent'),
(32, 32, 33, 11, '2021-11-08', NULL, 4600.00, 'Permanent'),
(33, 33, 34, 8, '2020-08-14', NULL, 4200.00, 'Permanent'),
(34, 34, 35, 1, '2022-05-30', NULL, 3400.00, 'Contract'),
(35, 35, 36, 3, '2021-03-01', NULL, 3100.00, 'PartTime'),
(36, 36, 37, 7, '2020-07-22', NULL, 5200.00, 'Permanent'),
(37, 37, 38, 15, '2021-12-10', NULL, 4300.00, 'Permanent'),
(38, 38, 39, 17, '2020-04-28', NULL, 3900.00, 'Permanent'),
(39, 39, 40, 13, '2021-06-15', NULL, 4800.00, 'Permanent'),
(40, 40, 46, 18, '2020-09-30', NULL, 4700.00, 'Permanent'),
(41, 41, 47, 1, '2022-02-05', NULL, 5500.00, 'Contract'),
(42, 42, 48, 1, '2021-08-22', NULL, 3300.00, 'Permanent'),
(43, 43, 49, 16, '2020-11-17', NULL, 5100.00, 'Permanent'),
(44, 44, 50, 10, '2021-05-08', NULL, 4900.00, 'Permanent'),
(45, 45, 1, 1, '2019-06-12', NULL, 4500.00, 'Permanent'),
(46, 46, 3, 1, '2020-03-20', NULL, 5500.00, 'Permanent'),
(47, 47, 4, 6, '2021-01-25', NULL, 3000.00, 'PartTime'),
(48, 48, 7, 4, '2020-10-10', NULL, 3200.00, 'Contract'),
(49, 49, 9, 2, '2022-04-15', NULL, 4500.00, 'Permanent'),
(50, 50, 11, 1, '2021-07-30', NULL, 4800.00, 'Permanent'),
(51, 51, 12, 8, '2020-06-15', NULL, 4200.00, 'Permanent'),
(52, 52, 15, 15, '2021-03-10', NULL, 5200.00, 'Permanent'),
(53, 53, 16, 1, '2019-09-20', NULL, 3600.00, 'Contract'),
(54, 54, 19, 15, '2020-12-05', NULL, 3900.00, 'Permanent'),
(55, 55, 20, 16, '2021-08-15', NULL, 4100.00, 'Permanent'),
(56, 56, 23, 5, '2020-04-22', NULL, 3800.00, 'Contract'),
(57, 57, 24, 5, '2021-01-30', NULL, 3700.00, 'Permanent'),
(58, 58, 27, 14, '2020-11-10', NULL, 3300.00, 'PartTime'),
(59, 59, 29, 8, '2021-06-25', NULL, 4500.00, 'Permanent'),
(60, 60, 30, 1, '2020-07-15', NULL, 4000.00, 'Contract'),
(61, 61, 31, 1, '2021-09-05', NULL, 5000.00, 'Permanent'),
(62, 62, 33, 11, '2020-02-20', NULL, 4600.00, 'Permanent'),
(63, 63, 34, 8, '2021-11-08', NULL, 4200.00, 'Permanent'),
(64, 64, 35, 1, '2020-05-30', NULL, 3400.00, 'Contract'),
(65, 65, 36, 3, '2021-03-01', NULL, 3100.00, 'PartTime'),
(66, 66, 37, 7, '2020-07-22', NULL, 5200.00, 'Permanent'),
(67, 67, 38, 15, '2021-12-10', NULL, 4300.00, 'Permanent'),
(68, 68, 39, 17, '2020-04-28', NULL, 3900.00, 'Permanent'),
(69, 69, 40, 13, '2021-06-15', NULL, 4800.00, 'Permanent'),
(70, 70, 46, 18, '2020-09-30', NULL, 4700.00, 'Permanent'),
(71, 71, 47, 1, '2022-02-05', NULL, 5500.00, 'Contract'),
(72, 72, 48, 1, '2021-08-22', NULL, 3300.00, 'Permanent'),
(73, 73, 49, 16, '2020-11-17', NULL, 5100.00, 'Permanent'),
(74, 74, 50, 10, '2021-05-08', NULL, 4900.00, 'Permanent'),
(75, 75, 1, 1, '2019-06-12', NULL, 4500.00, 'Permanent'),
(76, 76, 3, 1, '2020-03-20', NULL, 5500.00, 'Permanent'),
(77, 77, 4, 6, '2021-01-25', NULL, 3000.00, 'PartTime'),
(78, 78, 7, 4, '2020-10-10', NULL, 3200.00, 'Contract'),
(79, 79, 9, 2, '2022-04-15', NULL, 4500.00, 'Permanent'),
(80, 80, 11, 1, '2021-07-30', NULL, 4800.00, 'Permanent'),
(81, 81, 12, 8, '2020-06-15', NULL, 4200.00, 'Permanent'),
(82, 82, 15, 15, '2021-03-10', NULL, 5200.00, 'Permanent'),
(83, 83, 16, 1, '2019-09-20', NULL, 3600.00, 'Contract'),
(84, 84, 19, 15, '2020-12-05', NULL, 3900.00, 'Permanent'),
(85, 85, 20, 16, '2021-08-15', NULL, 4100.00, 'Permanent'),
(86, 86, 23, 5, '2020-04-22', NULL, 3800.00, 'Contract'),
(87, 87, 24, 5, '2021-01-30', NULL, 3700.00, 'Permanent'),
(88, 88, 27, 14, '2020-11-10', NULL, 3300.00, 'PartTime'),
(89, 89, 29, 8, '2021-06-25', NULL, 4500.00, 'Permanent'),
(90, 90, 30, 1, '2020-07-15', NULL, 4000.00, 'Contract'),
(91, 91, 31, 1, '2021-09-05', NULL, 5000.00, 'Permanent'),
(92, 92, 33, 11, '2020-02-20', NULL, 4600.00, 'Permanent'),
(93, 93, 34, 8, '2021-11-08', NULL, 4200.00, 'Permanent'),
(94, 94, 35, 1, '2020-05-30', NULL, 3400.00, 'Contract'),
(95, 95, 36, 3, '2021-03-01', NULL, 3100.00, 'PartTime'),
(96, 96, 37, 7, '2020-07-22', NULL, 5200.00, 'Permanent'),
(97, 97, 38, 15, '2021-12-10', NULL, 4300.00, 'Permanent'),
(98, 98, 39, 17, '2020-04-28', NULL, 3900.00, 'Permanent'),
(99, 99, 40, 13, '2021-06-15', NULL, 4800.00, 'Permanent'),
(100, 100, 46, 18, '2020-09-30', NULL, 4700.00, 'Permanent'),
(101, 101, 47, 1, '2022-02-05', NULL, 5500.00, 'Contract'),
(102, 102, 48, 1, '2021-08-22', NULL, 3300.00, 'Permanent'),
(103, 103, 49, 16, '2020-11-17', NULL, 5100.00, 'Permanent'),
(104, 104, 50, 10, '2021-05-08', NULL, 4900.00, 'Permanent'),
(105, 105, 1, 1, '2019-06-12', NULL, 4500.00, 'Permanent'),
(106, 106, 3, 1, '2020-03-20', NULL, 5500.00, 'Permanent'),
(107, 107, 4, 6, '2021-01-25', NULL, 3000.00, 'PartTime'),
(108, 108, 7, 4, '2020-10-10', NULL, 3200.00, 'Contract'),
(109, 109, 9, 2, '2022-04-15', NULL, 4500.00, 'Permanent'),
(110, 110, 11, 1, '2021-07-30', NULL, 4800.00, 'Permanent'),
(111, 111, 12, 8, '2020-06-15', NULL, 4200.00, 'Permanent'),
(112, 112, 15, 15, '2021-03-10', NULL, 5200.00, 'Permanent'),
(113, 113, 16, 1, '2019-09-20', NULL, 3600.00, 'Contract'),
(114, 114, 19, 15, '2020-12-05', NULL, 3900.00, 'Permanent'),
(115, 115, 20, 16, '2021-08-15', NULL, 4100.00, 'Permanent'),
(116, 116, 23, 5, '2020-04-22', NULL, 3800.00, 'Contract'),
(117, 117, 24, 5, '2021-01-30', NULL, 3700.00, 'Permanent'),
(118, 118, 27, 14, '2020-11-10', NULL, 3300.00, 'PartTime'),
(119, 119, 29, 8, '2021-06-25', NULL, 4500.00, 'Permanent'),
(120, 120, 30, 1, '2020-07-15', NULL, 4000.00, 'Contract'),
(121, 121, 31, 1, '2021-09-05', NULL, 5000.00, 'Permanent'),
(122, 122, 33, 11, '2020-02-20', NULL, 4600.00, 'Permanent'),
(123, 123, 34, 8, '2021-11-08', NULL, 4200.00, 'Permanent'),
(124, 124, 35, 1, '2020-05-30', NULL, 3400.00, 'Contract'),
(125, 125, 36, 3, '2021-03-01', NULL, 3100.00, 'PartTime'),
(126, 126, 37, 7, '2020-07-22', NULL, 5200.00, 'Permanent'),
(127, 127, 38, 15, '2021-12-10', NULL, 4300.00, 'Permanent'),
(128, 128, 39, 17, '2020-04-28', NULL, 3900.00, 'Permanent'),
(129, 129, 40, 13, '2021-06-15', NULL, 4800.00, 'Permanent'),
(130, 130, 46, 18, '2020-09-30', NULL, 4700.00, 'Permanent'),
(131, 131, 47, 1, '2022-02-05', NULL, 5500.00, 'Contract'),
(132, 132, 48, 1, '2021-08-22', NULL, 3300.00, 'Permanent'),
(133, 133, 49, 16, '2020-11-17', NULL, 5100.00, 'Permanent'),
(134, 134, 50, 10, '2021-05-08', NULL, 4900.00, 'Permanent'),
(135, 135, 1, 1, '2019-06-12', NULL, 4500.00, 'Permanent'),
(136, 136, 3, 1, '2020-03-20', NULL, 5500.00, 'Permanent'),
(137, 137, 4, 6, '2021-01-25', NULL, 3000.00, 'PartTime'),
(138, 138, 7, 4, '2020-10-10', NULL, 3200.00, 'Contract'),
(139, 139, 9, 2, '2022-04-15', NULL, 4500.00, 'Permanent'),
(140, 140, 11, 1, '2021-07-30', NULL, 4800.00, 'Permanent'),
(141, 141, 12, 8, '2020-06-15', NULL, 4200.00, 'Permanent'),
(142, 142, 15, 15, '2021-03-10', NULL, 5200.00, 'Permanent'),
(143, 143, 16, 1, '2019-09-20', NULL, 3600.00, 'Contract'),
(144, 144, 19, 15, '2020-12-05', NULL, 3900.00, 'Permanent'),
(145, 145, 20, 16, '2021-08-15', NULL, 4100.00, 'Permanent'),
(146, 146, 23, 5, '2020-04-22', NULL, 3800.00, 'Contract'),
(147, 147, 24, 5, '2021-01-30', NULL, 3700.00, 'Permanent'),
(148, 148, 27, 14, '2020-11-10', NULL, 3300.00, 'PartTime'),
(149, 149, 29, 8, '2021-06-25', NULL, 4500.00, 'Permanent'),
(150, 150, 30, 1, '2020-07-15', NULL, 4000.00, 'Contract'),
(151, 151, 31, 1, '2021-09-05', NULL, 5000.00, 'Permanent'),
(152, 152, 33, 11, '2020-02-20', NULL, 4600.00, 'Permanent'),
(153, 153, 34, 8, '2021-11-08', NULL, 4200.00, 'Permanent'),
(154, 154, 35, 1, '2020-05-30', NULL, 3400.00, 'Contract'),
(155, 155, 36, 3, '2021-03-01', NULL, 3100.00, 'PartTime'),
(156, 156, 37, 7, '2020-07-22', NULL, 5200.00, 'Permanent'),
(157, 157, 38, 15, '2021-12-10', NULL, 4300.00, 'Permanent'),
(158, 158, 39, 17, '2020-04-28', NULL, 3900.00, 'Permanent'),
(159, 159, 40, 13, '2021-06-15', NULL, 4800.00, 'Permanent'),
(160, 160, 46, 18, '2020-09-30', NULL, 4700.00, 'Permanent'),
(161, 161, 47, 1, '2022-02-05', NULL, 5500.00, 'Contract'),
(162, 162, 48, 1, '2021-08-22', NULL, 3300.00, 'Permanent'),
(163, 163, 49, 16, '2020-11-17', NULL, 5100.00, 'Permanent'),
(164, 164, 50, 10, '2021-05-08', NULL, 4900.00, 'Permanent'),
(165, 165, 1, 1, '2019-06-12', NULL, 4500.00, 'Permanent'),
(166, 166, 3, 1, '2020-03-20', NULL, 5500.00, 'Permanent'),
(167, 167, 4, 6, '2021-01-25', NULL, 3000.00, 'PartTime'),
(168, 168, 7, 4, '2020-10-10', NULL, 3200.00, 'Contract'),
(169, 169, 9, 2, '2022-04-15', NULL, 4500.00, 'Permanent'),
(170, 170, 11, 1, '2021-07-30', NULL, 4800.00, 'Permanent'),
(171, 171, 12, 8, '2020-06-15', NULL, 4200.00, 'Permanent'),
(172, 172, 15, 15, '2021-03-10', NULL, 5200.00, 'Permanent'),
(173, 173, 16, 1, '2019-09-20', NULL, 3600.00, 'Contract'),
(174, 174, 19, 15, '2020-12-05', NULL, 3900.00, 'Permanent'),
(175, 175, 20, 16, '2021-08-15', NULL, 4100.00, 'Permanent'),
(176, 176, 23, 5, '2020-04-22', NULL, 3800.00, 'Contract'),
(177, 177, 24, 5, '2021-01-30', NULL, 3700.00, 'Permanent'),
(178, 178, 27, 14, '2020-11-10', NULL, 3300.00, 'PartTime'),
(179, 179, 29, 8, '2021-06-25', NULL, 4500.00, 'Permanent'),
(180, 180, 30, 1, '2020-07-15', NULL, 4000.00, 'Contract'),
(181, 181, 31, 1, '2021-09-05', NULL, 5000.00, 'Permanent'),
(182, 182, 33, 11, '2020-02-20', NULL, 4600.00, 'Permanent'),
(183, 183, 34, 8, '2021-11-08', NULL, 4200.00, 'Permanent'),
(184, 184, 35, 1, '2020-05-30', NULL, 3400.00, 'Contract'),
(185, 185, 36, 3, '2021-03-01', NULL, 3100.00, 'PartTime'),
(186, 186, 37, 7, '2020-07-22', NULL, 5200.00, 'Permanent'),
(187, 187, 38, 15, '2021-12-10', NULL, 4300.00, 'Permanent'),
(188, 188, 39, 17, '2020-04-28', NULL, 3900.00, 'Permanent'),
(189, 189, 40, 13, '2021-06-15', NULL, 4800.00, 'Permanent'),
(190, 190, 46, 18, '2020-09-30', NULL, 4700.00, 'Permanent'),
(191, 191, 47, 1, '2022-02-05', NULL, 5500.00, 'Contract'),
(192, 192, 48, 1, '2021-08-22', NULL, 3300.00, 'Permanent'),
(193, 193, 49, 16, '2020-11-17', NULL, 5100.00, 'Permanent'),
(194, 194, 50, 10, '2021-05-08', NULL, 4900.00, 'Permanent'),
(195, 195, 1, 1, '2019-06-12', NULL, 4500.00, 'Permanent'),
(196, 196, 3, 1, '2020-03-20', NULL, 5500.00, 'Permanent'),
(197, 197, 4, 6, '2021-01-25', NULL, 3000.00, 'PartTime'),
(198, 198, 7, 4, '2020-10-10', NULL, 3200.00, 'Contract'),
(199, 199, 9, 2, '2022-04-15', NULL, 4500.00, 'Permanent'),
(200, 200, 11, 1, '2021-07-30', NULL, 4800.00, 'Permanent'),
(201, 201, 12, 8, '2020-06-15', NULL, 4200.00, 'Permanent'),
(202, 202, 15, 15, '2021-03-10', NULL, 5200.00, 'Permanent'),
(203, 203, 16, 1, '2019-09-20', NULL, 3600.00, 'Contract'),
(204, 204, 19, 15, '2020-12-05', NULL, 3900.00, 'Permanent'),
(205, 205, 20, 16, '2021-08-15', NULL, 4100.00, 'Permanent'),
(206, 206, 23, 5, '2020-04-22', NULL, 3800.00, 'Contract'),
(207, 207, 24, 5, '2021-01-30', NULL, 3700.00, 'Permanent'),
(208, 208, 27, 14, '2020-11-10', NULL, 3300.00, 'PartTime'),
(209, 209, 29, 8, '2021-06-25', NULL, 4500.00, 'Permanent'),
(210, 210, 30, 1, '2020-07-15', NULL, 4000.00, 'Contract'),
(211, 211, 31, 1, '2021-09-05', NULL, 5000.00, 'Permanent'),
(212, 212, 33, 11, '2020-02-20', NULL, 4600.00, 'Permanent'),
(213, 213, 34, 8, '2021-11-08', NULL, 4200.00, 'Permanent'),
(214, 214, 35, 1, '2020-05-30', NULL, 3400.00, 'Contract'),
(215, 215, 36, 3, '2021-03-01', NULL, 3100.00, 'PartTime'),
(216, 216, 37, 7, '2020-07-22', NULL, 5200.00, 'Permanent'),
(217, 217, 38, 15, '2021-12-10', NULL, 4300.00, 'Permanent'),
(218, 218, 39, 17, '2020-04-28', NULL, 3900.00, 'Permanent'),
(219, 219, 40, 13, '2021-06-15', NULL, 4800.00, 'Permanent'),
(220, 220, 46, 18, '2020-09-30', NULL, 4700.00, 'Permanent'),
(221, 221, 47, 1, '2022-02-05', NULL, 5500.00, 'Contract'),
(222, 222, 48, 1, '2021-08-22', NULL, 3300.00, 'Permanent'),
(223, 223, 49, 16, '2020-11-17', NULL, 5100.00, 'Permanent'),
(224, 224, 50, 10, '2021-05-08', NULL, 4900.00, 'Permanent'),
(225, 225, 1, 1, '2019-06-12', NULL, 4500.00, 'Permanent'),
(226, 226, 3, 1, '2020-03-20', NULL, 5500.00, 'Permanent'),
(227, 227, 4, 6, '2021-01-25', NULL, 3000.00, 'PartTime'),
(228, 228, 7, 4, '2020-10-10', NULL, 3200.00, 'Contract'),
(229, 229, 9, 2, '2022-04-15', NULL, 4500.00, 'Permanent'),
(230, 230, 11, 1, '2021-07-30', NULL, 4800.00, 'Permanent'),
(231, 231, 12, 8, '2020-06-15', NULL, 4200.00, 'Permanent'),
(232, 232, 15, 15, '2021-03-10', NULL, 5200.00, 'Permanent'),
(233, 233, 16, 1, '2019-09-20', NULL, 3600.00, 'Contract'),
(234, 234, 19, 15, '2020-12-05', NULL, 3900.00, 'Permanent'),
(235, 235, 20, 16, '2021-08-15', NULL, 4100.00, 'Permanent'),
(236, 236, 23, 5, '2020-04-22', NULL, 3800.00, 'Contract'),
(237, 237, 24, 5, '2021-01-30', NULL, 3700.00, 'Permanent'),
(238, 238, 27, 14, '2020-11-10', NULL, 3300.00, 'PartTime'),
(239, 239, 29, 8, '2021-06-25', NULL, 4500.00, 'Permanent'),
(240, 240, 30, 1, '2020-07-15', NULL, 4000.00, 'Contract'),
(241, 241, 31, 1, '2021-09-05', NULL, 5000.00, 'Permanent'),
(242, 242, 33, 11, '2020-02-20', NULL, 4600.00, 'Permanent'),
(243, 243, 34, 8, '2021-11-08', NULL, 4200.00, 'Permanent'),
(244, 244, 35, 1, '2020-05-30', NULL, 3400.00, 'Contract'),
(245, 245, 36, 3, '2021-03-01', NULL, 3100.00, 'PartTime'),
(246, 246, 37, 7, '2020-07-22', NULL, 5200.00, 'Permanent'),
(247, 247, 38, 15, '2021-12-10', NULL, 4300.00, 'Permanent'),
(248, 248, 39, 17, '2020-04-28', NULL, 3900.00, 'Permanent'),
(249, 249, 40, 13, '2021-06-15', NULL, 4800.00, 'Permanent'),
(250, 250, 46, 18, '2020-09-30', NULL, 4700.00, 'Permanent'),
(251, 251, 47, 1, '2022-02-05', NULL, 5500.00, 'Contract'),
(252, 252, 48, 1, '2021-08-22', NULL, 3300.00, 'Permanent'),
(253, 253, 49, 16, '2020-11-17', NULL, 5100.00, 'Permanent'),
(254, 254, 50, 10, '2021-05-08', NULL, 4900.00, 'Permanent'),
(255, 255, 1, 1, '2019-06-12', NULL, 4500.00, 'Permanent'),
(256, 256, 3, 1, '2020-03-20', NULL, 5500.00, 'Permanent'),
(257, 257, 4, 6, '2021-01-25', NULL, 3000.00, 'PartTime'),
(258, 258, 7, 4, '2020-10-10', NULL, 3200.00, 'Contract'),
(259, 259, 9, 2, '2022-04-15', NULL, 4500.00, 'Permanent'),
(260, 260, 11, 1, '2021-07-30', NULL, 4800.00, 'Permanent'),
(261, 261, 12, 8, '2020-06-15', NULL, 4200.00, 'Permanent'),
(262, 262, 15, 15, '2021-03-10', NULL, 5200.00, 'Permanent'),
(263, 263, 16, 1, '2019-09-20', NULL, 3600.00, 'Contract'),
(264, 264, 19, 15, '2020-12-05', NULL, 3900.00, 'Permanent'),
(265, 265, 20, 16, '2021-08-15', NULL, 4100.00, 'Permanent'),
(266, 266, 23, 5, '2020-04-22', NULL, 3800.00, 'Contract'),
(267, 267, 24, 5, '2021-01-30', NULL, 3700.00, 'Permanent'),
(268, 268, 27, 14, '2020-11-10', NULL, 3300.00, 'PartTime'),
(269, 269, 29, 8, '2021-06-25', NULL, 4500.00, 'Permanent'),
(270, 270, 30, 1, '2020-07-15', NULL, 4000.00, 'Contract'),
(271, 271, 31, 1, '2021-09-05', NULL, 5000.00, 'Permanent'),
(272, 272, 33, 11, '2020-02-20', NULL, 4600.00, 'Permanent'),
(273, 273, 34, 8, '2021-11-08', NULL, 4200.00, 'Permanent'),
(274, 274, 35, 1, '2020-05-30', NULL, 3400.00, 'Contract'),
(275, 275, 36, 3, '2021-03-01', NULL, 3100.00, 'PartTime'),
(276, 276, 37, 7, '2020-07-22', NULL, 5200.00, 'Permanent'),
(277, 277, 38, 15, '2021-12-10', NULL, 4300.00, 'Permanent'),
(278, 278, 39, 17, '2020-04-28', NULL, 3900.00, 'Permanent'),
(279, 279, 40, 13, '2021-06-15', NULL, 4800.00, 'Permanent'),
(280, 280, 46, 18, '2020-09-30', NULL, 4700.00, 'Permanent'),
(281, 281, 47, 1, '2022-02-05', NULL, 5500.00, 'Contract'),
(282, 282, 48, 1, '2021-08-22', NULL, 3300.00, 'Permanent'),
(283, 283, 49, 16, '2020-11-17', NULL, 5100.00, 'Permanent'),
(284, 284, 50, 10, '2021-05-08', NULL, 4900.00, 'Permanent'),
(285, 285, 1, 1, '2019-06-12', NULL, 4500.00, 'Permanent'),
(286, 286, 3, 1, '2020-03-20', NULL, 5500.00, 'Permanent'),
(287, 287, 4, 6, '2021-01-25', NULL, 3000.00, 'PartTime'),
(288, 288, 7, 4, '2020-10-10', NULL, 3200.00, 'Contract'),
(289, 289, 9, 2, '2022-04-15', NULL, 4500.00, 'Permanent'),
(290, 290, 11, 1, '2021-07-30', NULL, 4800.00, 'Permanent'),
(291, 291, 12, 8, '2020-06-15', NULL, 4200.00, 'Permanent'),
(292, 292, 15, 15, '2021-03-10', NULL, 5200.00, 'Permanent'),
(293, 293, 16, 1, '2019-09-20', NULL, 3600.00, 'Contract'),
(294, 294, 19, 15, '2020-12-05', NULL, 3900.00, 'Permanent'),
(295, 295, 20, 16, '2021-08-15', NULL, 4100.00, 'Permanent'),
(296, 296, 23, 5, '2020-04-22', NULL, 3800.00, 'Contract'),
(297, 297, 24, 5, '2021-01-30', NULL, 3700.00, 'Permanent'),
(298, 298, 27, 14, '2020-11-10', NULL, 3300.00, 'PartTime'),
(299, 299, 29, 8, '2021-06-25', NULL, 4500.00, 'Permanent'),
(300, 300, 30, 1, '2020-07-15', NULL, 4000.00, 'Contract'),
(301, 301, 31, 1, '2021-09-05', NULL, 5000.00, 'Permanent'),
(302, 302, 33, 11, '2020-02-20', NULL, 4600.00, 'Permanent'),
(303, 303, 34, 8, '2021-11-08', NULL, 4200.00, 'Permanent'),
(304, 304, 35, 1, '2020-05-30', NULL, 3400.00, 'Contract'),
(305, 305, 36, 3, '2021-03-01', NULL, 3100.00, 'PartTime'),
(306, 306, 37, 7, '2020-07-22', NULL, 5200.00, 'Permanent'),
(307, 307, 38, 15, '2021-12-10', NULL, 4300.00, 'Permanent'),
(308, 308, 39, 17, '2020-04-28', NULL, 3900.00, 'Permanent'),
(309, 309, 40, 13, '2021-06-15', NULL, 4800.00, 'Permanent'),
(310, 310, 46, 18, '2020-09-30', NULL, 4700.00, 'Permanent'),
(311, 311, 47, 1, '2022-02-05', NULL, 5500.00, 'Contract'),
(312, 312, 48, 1, '2021-08-22', NULL, 3300.00, 'Permanent'),
(313, 313, 49, 16, '2020-11-17', NULL, 5100.00, 'Permanent'),
(314, 314, 50, 10, '2021-05-08', NULL, 4900.00, 'Permanent'),
(315, 315, 1, 1, '2019-06-12', NULL, 4500.00, 'Permanent'),
(316, 316, 3, 1, '2020-03-20', NULL, 5500.00, 'Permanent'),
(317, 317, 4, 6, '2021-01-25', NULL, 3000.00, 'PartTime'),
(318, 318, 7, 4, '2020-10-10', NULL, 3200.00, 'Contract'),
(319, 319, 9, 2, '2022-04-15', NULL, 4500.00, 'Permanent'),
(320, 320, 11, 1, '2021-07-30', NULL, 4800.00, 'Permanent'),
(321, 321, 12, 8, '2020-06-15', NULL, 4200.00, 'Permanent'),
(322, 322, 15, 15, '2021-03-10', NULL, 5200.00, 'Permanent'),
(323, 323, 16, 1, '2019-09-20', NULL, 3600.00, 'Contract'),
(324, 324, 19, 15, '2020-12-05', NULL, 3900.00, 'Permanent'),
(325, 325, 20, 16, '2021-08-15', NULL, 4100.00, 'Permanent'),
(326, 326, 23, 5, '2020-04-22', NULL, 3800.00, 'Contract'),
(327, 327, 24, 5, '2021-01-30', NULL, 3700.00, 'Permanent'),
(328, 328, 27, 14, '2020-11-10', NULL, 3300.00, 'PartTime'),
(329, 329, 29, 8, '2021-06-25', NULL, 4500.00, 'Permanent'),
(330, 330, 30, 1, '2020-07-15', NULL, 4000.00, 'Contract'),
(331, 331, 31, 1, '2021-09-05', NULL, 5000.00, 'Permanent'),
(332, 332, 33, 11, '2020-02-20', NULL, 4600.00, 'Permanent'),
(333, 333, 34, 8, '2021-11-08', NULL, 4200.00, 'Permanent'),
(334, 334, 35, 1, '2020-05-30', NULL, 3400.00, 'Contract'),
(335, 335, 36, 3, '2021-03-01', NULL, 3100.00, 'PartTime'),
(336, 336, 37, 7, '2020-07-22', NULL, 5200.00, 'Permanent'),
(337, 337, 38, 15, '2021-12-10', NULL, 4300.00, 'Permanent'),
(338, 338, 39, 17, '2020-04-28', NULL, 3900.00, 'Permanent'),
(339, 339, 40, 13, '2021-06-15', NULL, 4800.00, 'Permanent'),
(340, 340, 46, 18, '2020-09-30', NULL, 4700.00, 'Permanent'),
(341, 341, 47, 1, '2022-02-05', NULL, 5500.00, 'Contract'),
(342, 342, 48, 1, '2021-08-22', NULL, 3300.00, 'Permanent'),
(343, 343, 49, 16, '2020-11-17', NULL, 5100.00, 'Permanent'),
(344, 344, 50, 10, '2021-05-08', NULL, 4900.00, 'Permanent'),
(345, 345, 1, 1, '2019-06-12', NULL, 4500.00, 'Permanent'),
(346, 346, 3, 1, '2020-03-20', NULL, 5500.00, 'Permanent'),
(347, 347, 4, 6, '2021-01-25', NULL, 3000.00, 'PartTime'),
(348, 348, 7, 4, '2020-10-10', NULL, 3200.00, 'Contract'),
(349, 349, 9, 2, '2022-04-15', NULL, 4500.00, 'Permanent'),
(350, 350, 11, 1, '2021-07-30', NULL, 4800.00, 'Permanent'),
(351, 351, 12, 8, '2020-06-15', NULL, 4200.00, 'Permanent'),
(352, 352, 15, 15, '2021-03-10', NULL, 5200.00, 'Permanent'),
(353, 353, 16, 1, '2019-09-20', NULL, 3600.00, 'Contract'),
(354, 354, 19, 15, '2020-12-05', NULL, 3900.00, 'Permanent'),
(355, 355, 20, 16, '2021-08-15', NULL, 4100.00, 'Permanent'),
(356, 356, 23, 5, '2020-04-22', NULL, 3800.00, 'Contract'),
(357, 357, 24, 5, '2021-01-30', NULL, 3700.00, 'Permanent'),
(358, 358, 27, 14, '2020-11-10', NULL, 3300.00, 'PartTime'),
(359, 359, 29, 8, '2021-06-25', NULL, 4500.00, 'Permanent'),
(360, 360, 30, 1, '2020-07-15', NULL, 4000.00, 'Contract'),
(361, 361, 31, 1, '2021-09-05', NULL, 5000.00, 'Permanent'),
(362, 362, 33, 11, '2020-02-20', NULL, 4600.00, 'Permanent'),
(363, 363, 34, 8, '2021-11-08', NULL, 4200.00, 'Permanent'),
(364, 364, 35, 1, '2020-05-30', NULL, 3400.00, 'Contract'),
(365, 365, 36, 3, '2021-03-01', NULL, 3100.00, 'PartTime'),
(366, 366, 37, 7, '2020-07-22', NULL, 5200.00, 'Permanent'),
(367, 367, 38, 15, '2021-12-10', NULL, 4300.00, 'Permanent'),
(368, 368, 39, 17, '2020-04-28', NULL, 3900.00, 'Permanent'),
(369, 369, 40, 13, '2021-06-15', NULL, 4800.00, 'Permanent'),
(370, 370, 46, 18, '2020-09-30', NULL, 4700.00, 'Permanent'),
(371, 371, 47, 1, '2022-02-05', NULL, 5500.00, 'Contract'),
(372, 372, 48, 1, '2021-08-22', NULL, 3300.00, 'Permanent'),
(373, 373, 49, 16, '2020-11-17', NULL, 5100.00, 'Permanent'),
(374, 374, 50, 10, '2021-05-08', NULL, 4900.00, 'Permanent'),
(375, 375, 1, 1, '2019-06-12', NULL, 4500.00, 'Permanent'),
(376, 376, 3, 1, '2020-03-20', NULL, 5500.00, 'Permanent'),
(377, 377, 4, 6, '2021-01-25', NULL, 3000.00, 'PartTime'),
(378, 378, 7, 4, '2020-10-10', NULL, 3200.00, 'Contract'),
(379, 379, 9, 2, '2022-04-15', NULL, 4500.00, 'Permanent'),
(380, 380, 11, 1, '2021-07-30', NULL, 4800.00, 'Permanent'),
(381, 381, 12, 8, '2020-06-15', NULL, 4200.00, 'Permanent'),
(382, 382, 15, 15, '2021-03-10', NULL, 5200.00, 'Permanent'),
(383, 383, 16, 1, '2019-09-20', NULL, 3600.00, 'Contract'),
(384, 384, 19, 15, '2020-12-05', NULL, 3900.00, 'Permanent'),
(385, 385, 20, 16, '2021-08-15', NULL, 4100.00, 'Permanent'),
(386, 386, 23, 5, '2020-04-22', NULL, 3800.00, 'Contract'),
(387, 387, 24, 5, '2021-01-30', NULL, 3700.00, 'Permanent'),
(388, 388, 27, 14, '2020-11-10', NULL, 3300.00, 'PartTime'),
(389, 389, 29, 8, '2021-06-25', NULL, 4500.00, 'Permanent'),
(390, 390, 30, 1, '2020-07-15', NULL, 4000.00, 'Contract'),
(391, 391, 31, 1, '2021-09-05', NULL, 5000.00, 'Permanent'),
(392, 392, 33, 11, '2020-02-20', NULL, 4600.00, 'Permanent'),
(393, 393, 34, 8, '2021-11-08', NULL, 4200.00, 'Permanent'),
(394, 394, 35, 1, '2020-05-30', NULL, 3400.00, 'Contract'),
(395, 395, 36, 3, '2021-03-01', NULL, 3100.00, 'PartTime'),
(396, 396, 37, 7, '2020-07-22', NULL, 5200.00, 'Permanent'),
(397, 397, 38, 15, '2021-12-10', NULL, 4300.00, 'Permanent'),
(398, 398, 39, 17, '2020-04-28', NULL, 3900.00, 'Permanent'),
(399, 399, 40, 13, '2021-06-15', NULL, 4800.00, 'Permanent'),
(400, 400, 46, 18, '2020-09-30', NULL, 4700.00, 'Permanent'),
(401, 401, 47, 1, '2022-02-05', NULL, 5500.00, 'Contract'),
(402, 402, 48, 1, '2021-08-22', NULL, 3300.00, 'Permanent'),
(403, 403, 49, 16, '2020-11-17', NULL, 5100.00, 'Permanent'),
(404, 404, 50, 10, '2021-05-08', NULL, 4900.00, 'Permanent'),
(405, 405, 1, 1, '2019-06-12', NULL, 4500.00, 'Permanent'),
(406, 406, 3, 1, '2020-03-20', NULL, 5500.00, 'Permanent'),
(407, 407, 4, 6, '2021-01-25', NULL, 3000.00, 'PartTime'),
(408, 408, 7, 4, '2020-10-10', NULL, 3200.00, 'Contract'),
(409, 409, 9, 2, '2022-04-15', NULL, 4500.00, 'Permanent'),
(410, 410, 11, 1, '2021-07-30', NULL, 4800.00, 'Permanent'),
(411, 411, 12, 8, '2020-06-15', NULL, 4200.00, 'Permanent'),
(412, 412, 15, 15, '2021-03-10', NULL, 5200.00, 'Permanent'),
(413, 413, 16, 1, '2019-09-20', NULL, 3600.00, 'Contract'),
(414, 414, 19, 15, '2020-12-05', NULL, 3900.00, 'Permanent'),
(415, 415, 20, 16, '2021-08-15', NULL, 4100.00, 'Permanent'),
(416, 416, 23, 5, '2020-04-22', NULL, 3800.00, 'Contract'),
(417, 417, 24, 5, '2021-01-30', NULL, 3700.00, 'Permanent'),
(418, 418, 27, 14, '2020-11-10', NULL, 3300.00, 'PartTime'),
(419, 419, 29, 8, '2021-06-25', NULL, 4500.00, 'Permanent'),
(420, 420, 30, 1, '2020-07-15', NULL, 4000.00, 'Contract'),
(421, 421, 31, 1, '2021-09-05', NULL, 5000.00, 'Permanent'),
(422, 422, 33, 11, '2020-02-20', NULL, 4600.00, 'Permanent'),
(423, 423, 34, 8, '2021-11-08', NULL, 4200.00, 'Permanent'),
(424, 424, 35, 1, '2020-05-30', NULL, 3400.00, 'Contract'),
(425, 425, 36, 3, '2021-03-01', NULL, 3100.00, 'PartTime'),
(426, 426, 37, 7, '2020-07-22', NULL, 5200.00, 'Permanent'),
(427, 427, 38, 15, '2021-12-10', NULL, 4300.00, 'Permanent'),
(428, 428, 39, 17, '2020-04-28', NULL, 3900.00, 'Permanent'),
(429, 429, 40, 13, '2021-06-15', NULL, 4800.00, 'Permanent'),
(430, 430, 46, 18, '2020-09-30', NULL, 4700.00, 'Permanent'),
(431, 431, 47, 1, '2022-02-05', NULL, 5500.00, 'Contract'),
(432, 432, 48, 1, '2021-08-22', NULL, 3300.00, 'Permanent'),
(433, 433, 49, 16, '2020-11-17', NULL, 5100.00, 'Permanent'),
(434, 434, 50, 10, '2021-05-08', NULL, 4900.00, 'Permanent'),
(435, 435, 1, 1, '2019-06-12', NULL, 4500.00, 'Permanent'),
(436, 436, 3, 1, '2020-03-20', NULL, 5500.00, 'Permanent'),
(437, 437, 4, 6, '2021-01-25', NULL, 3000.00, 'PartTime'),
(438, 438, 7, 4, '2020-10-10', NULL, 3200.00, 'Contract'),
(439, 439, 9, 2, '2022-04-15', NULL, 4500.00, 'Permanent'),
(440, 440, 11, 1, '2021-07-30', NULL, 4800.00, 'Permanent'),
(441, 441, 12, 8, '2020-06-15', NULL, 4200.00, 'Permanent'),
(442, 442, 15, 15, '2021-03-10', NULL, 5200.00, 'Permanent'),
(443, 443, 16, 1, '2019-09-20', NULL, 3600.00, 'Contract'),
(444, 444, 19, 15, '2020-12-05', NULL, 3900.00, 'Permanent'),
(445, 445, 20, 16, '2021-08-15', NULL, 4100.00, 'Permanent'),
(446, 446, 23, 5, '2020-04-22', NULL, 3800.00, 'Contract'),
(447, 447, 24, 5, '2021-01-30', NULL, 3700.00, 'Permanent'),
(448, 448, 27, 14, '2020-11-10', NULL, 3300.00, 'PartTime'),
(449, 449, 29, 8, '2021-06-25', NULL, 4500.00, 'Permanent'),
(450, 450, 30, 1, '2020-07-15', NULL, 4000.00, 'Contract'),
(451, 451, 31, 1, '2021-09-05', NULL, 5000.00, 'Permanent'),
(452, 452, 33, 11, '2020-02-20', NULL, 4600.00, 'Permanent'),
(453, 453, 34, 8, '2021-11-08', NULL, 4200.00, 'Permanent'),
(454, 454, 35, 1, '2020-05-30', NULL, 3400.00, 'Contract'),
(455, 455, 36, 3, '2021-03-01', NULL, 3100.00, 'PartTime'),
(456, 456, 37, 7, '2020-07-22', NULL, 5200.00, 'Permanent'),
(457, 457, 38, 15, '2021-12-10', NULL, 4300.00, 'Permanent'),
(458, 458, 39, 17, '2020-04-28', NULL, 3900.00, 'Permanent'),
(459, 459, 40, 13, '2021-06-15', NULL, 4800.00, 'Permanent'),
(460, 460, 46, 18, '2020-09-30', NULL, 4700.00, 'Permanent'),
(461, 461, 47, 1, '2022-02-05', NULL, 5500.00, 'Contract'),
(462, 462, 48, 1, '2021-08-22', NULL, 3300.00, 'Permanent'),
(463, 463, 49, 16, '2020-11-17', NULL, 5100.00, 'Permanent'),
(464, 464, 50, 10, '2021-05-08', NULL, 4900.00, 'Permanent'),
(465, 465, 1, 1, '2019-06-12', NULL, 4500.00, 'Permanent'),
(466, 466, 3, 1, '2020-03-20', NULL, 5500.00, 'Permanent'),
(467, 467, 4, 6, '2021-01-25', NULL, 3000.00, 'PartTime'),
(468, 468, 7, 4, '2020-10-10', NULL, 3200.00, 'Contract'),
(469, 469, 9, 2, '2022-04-15', NULL, 4500.00, 'Permanent'),
(470, 470, 11, 1, '2021-07-30', NULL, 4800.00, 'Permanent'),
(471, 471, 12, 8, '2020-06-15', NULL, 4200.00, 'Permanent'),
(472, 472, 15, 15, '2021-03-10', NULL, 5200.00, 'Permanent'),
(473, 473, 16, 1, '2019-09-20', NULL, 3600.00, 'Contract'),
(474, 474, 19, 15, '2020-12-05', NULL, 3900.00, 'Permanent'),
(475, 475, 20, 16, '2021-08-15', NULL, 4100.00, 'Permanent'),
(476, 476, 23, 5, '2020-04-22', NULL, 3800.00, 'Contract'),
(477, 477, 24, 5, '2021-01-30', NULL, 3700.00, 'Permanent'),
(478, 478, 27, 14, '2020-11-10', NULL, 3300.00, 'PartTime'),
(479, 479, 29, 8, '2021-06-25', NULL, 4500.00, 'Permanent'),
(480, 480, 30, 1, '2020-07-15', NULL, 4000.00, 'Contract'),
(481, 481, 31, 1, '2021-09-05', NULL, 5000.00, 'Permanent'),
(482, 482, 33, 11, '2020-02-20', NULL, 4600.00, 'Permanent'),
(483, 483, 34, 8, '2021-11-08', NULL, 4200.00, 'Permanent'),
(484, 484, 35, 1, '2020-05-30', NULL, 3400.00, 'Contract'),
(485, 485, 36, 3, '2021-03-01', NULL, 3100.00, 'PartTime'),
(486, 486, 37, 7, '2020-07-22', NULL, 5200.00, 'Permanent'),
(487, 487, 38, 15, '2021-12-10', NULL, 4300.00, 'Permanent'),
(488, 488, 39, 17, '2020-04-28', NULL, 3900.00, 'Permanent'),
(489, 489, 40, 13, '2021-06-15', NULL, 4800.00, 'Permanent'),
(490, 490, 46, 18, '2020-09-30', NULL, 4700.00, 'Permanent'),
(491, 491, 47, 1, '2022-02-05', NULL, 5500.00, 'Contract'),
(492, 492, 48, 1, '2021-08-22', NULL, 3300.00, 'Permanent'),
(493, 493, 49, 16, '2020-11-17', NULL, 5100.00, 'Permanent'),
(494, 494, 50, 10, '2021-05-08', NULL, 4900.00, 'Permanent'),
(495, 495, 1, 1, '2019-06-12', NULL, 4500.00, 'Permanent'),
(496, 496, 3, 1, '2020-03-20', NULL, 5500.00, 'Permanent'),
(497, 497, 4, 6, '2021-01-25', NULL, 3000.00, 'PartTime'),
(498, 498, 7, 4, '2020-10-10', NULL, 3200.00, 'Contract'),
(499, 499, 9, 2, '2022-04-15', NULL, 4500.00, 'Permanent'),
(500, 500, 11, 1, '2021-07-30', NULL, 4800.00, 'Permanent'),
(501, 501, 12, 8, '2020-06-15', NULL, 4200.00, 'Permanent'),
(502, 502, 15, 15, '2021-03-10', NULL, 5200.00, 'Permanent'),
(503, 503, 16, 1, '2019-09-20', NULL, 3600.00, 'Contract'),
(504, 504, 19, 15, '2020-12-05', NULL, 3900.00, 'Permanent'),
(505, 505, 20, 16, '2021-08-15', NULL, 4100.00, 'Permanent'),
(506, 506, 23, 5, '2020-04-22', NULL, 3800.00, 'Contract'),
(507, 507, 24, 5, '2021-01-30', NULL, 3700.00, 'Permanent'),
(508, 508, 27, 14, '2020-11-10', NULL, 3300.00, 'PartTime'),
(509, 509, 29, 8, '2021-06-25', NULL, 4500.00, 'Permanent'),
(510, 510, 30, 1, '2020-07-15', NULL, 4000.00, 'Contract'),
(511, 511, 31, 1, '2021-09-05', NULL, 5000.00, 'Permanent'),
(512, 512, 33, 11, '2020-02-20', NULL, 4600.00, 'Permanent'),
(513, 513, 34, 8, '2021-11-08', NULL, 4200.00, 'Permanent'),
(514, 514, 35, 1, '2020-05-30', NULL, 3400.00, 'Contract'),
(515, 515, 36, 3, '2021-03-01', NULL, 3100.00, 'PartTime'),
(516, 516, 37, 7, '2020-07-22', NULL, 5200.00, 'Permanent'),
(517, 517, 38, 15, '2021-12-10', NULL, 4300.00, 'Permanent'),
(518, 518, 39, 17, '2020-04-28', NULL, 3900.00, 'Permanent'),
(519, 519, 40, 13, '2021-06-15', NULL, 4800.00, 'Permanent'),
(520, 520, 46, 18, '2020-09-30', NULL, 4700.00, 'Permanent'),
(521, 521, 47, 1, '2022-02-05', NULL, 5500.00, 'Contract'),
(522, 522, 48, 1, '2021-08-22', NULL, 3300.00, 'Permanent'),
(523, 523, 49, 16, '2020-11-17', NULL, 5100.00, 'Permanent'),
(524, 524, 50, 10, '2021-05-08', NULL, 4900.00, 'Permanent'),
(525, 525, 1, 1, '2019-06-12', NULL, 4500.00, 'Permanent'),
(526, 526, 3, 1, '2020-03-20', NULL, 5500.00, 'Permanent'),
(527, 527, 4, 6, '2021-01-25', NULL, 3000.00, 'PartTime'),
(528, 528, 7, 4, '2020-10-10', NULL, 3200.00, 'Contract'),
(529, 529, 9, 2, '2022-04-15', NULL, 4500.00, 'Permanent'),
(530, 530, 11, 1, '2021-07-30', NULL, 4800.00, 'Permanent'),
(531, 531, 12, 8, '2020-06-15', NULL, 4200.00, 'Permanent'),
(532, 532, 15, 15, '2021-03-10', NULL, 5200.00, 'Permanent'),
(533, 533, 16, 1, '2019-09-20', NULL, 3600.00, 'Contract'),
(534, 534, 19, 15, '2020-12-05', NULL, 3900.00, 'Permanent'),
(535, 535, 20, 16, '2021-08-15', NULL, 4100.00, 'Permanent'),
(536, 536, 23, 5, '2020-04-22', NULL, 3800.00, 'Contract'),
(537, 537, 24, 5, '2021-01-30', NULL, 3700.00, 'Permanent'),
(538, 538, 27, 14, '2020-11-10', NULL, 3300.00, 'PartTime'),
(539, 539, 29, 8, '2021-06-25', NULL, 4500.00, 'Permanent'),
(540, 540, 30, 1, '2020-07-15', NULL, 4000.00, 'Contract'),
(541, 541, 31, 1, '2021-09-05', NULL, 5000.00, 'Permanent'),
(542, 542, 33, 11, '2020-02-20', NULL, 4600.00, 'Permanent'),
(543, 543, 34, 8, '2021-11-08', NULL, 4200.00, 'Permanent'),
(544, 544, 35, 1, '2020-05-30', NULL, 3400.00, 'Contract'),
(545, 545, 36, 3, '2021-03-01', NULL, 3100.00, 'PartTime'),
(546, 546, 37, 7, '2020-07-22', NULL, 5200.00, 'Permanent'),
(547, 547, 38, 15, '2021-12-10', NULL, 4300.00, 'Permanent'),
(548, 548, 39, 17, '2020-04-28', NULL, 3900.00, 'Permanent'),
(549, 549, 40, 13, '2021-06-15', NULL, 4800.00, 'Permanent'),
(550, 550, 46, 18, '2020-09-30', NULL, 4700.00, 'Permanent'),
(551, 551, 47, 1, '2022-02-05', NULL, 5500.00, 'Contract'),
(552, 552, 48, 1, '2021-08-22', NULL, 3300.00, 'Permanent'),
(553, 553, 49, 16, '2020-11-17', NULL, 5100.00, 'Permanent'),
(554, 554, 50, 10, '2021-05-08', NULL, 4900.00, 'Permanent'),
(555, 555, 1, 1, '2019-06-12', NULL, 4500.00, 'Permanent'),
(556, 556, 3, 1, '2020-03-20', NULL, 5500.00, 'Permanent'),
(557, 557, 4, 6, '2021-01-25', NULL, 3000.00, 'PartTime'),
(558, 558, 7, 4, '2020-10-10', NULL, 3200.00, 'Contract'),
(559, 559, 9, 2, '2022-04-15', NULL, 4500.00, 'Permanent'),
(560, 560, 11, 1, '2021-07-30', NULL, 4800.00, 'Permanent'),
(561, 561, 12, 8, '2020-06-15', NULL, 4200.00, 'Permanent'),
(562, 562, 15, 15, '2021-03-10', NULL, 5200.00, 'Permanent'),
(563, 563, 16, 1, '2019-09-20', NULL, 3600.00, 'Contract'),
(564, 564, 19, 15, '2020-12-05', NULL, 3900.00, 'Permanent'),
(565, 565, 20, 16, '2021-08-15', NULL, 4100.00, 'Permanent'),
(566, 566, 23, 5, '2020-04-22', NULL, 3800.00, 'Contract'),
(567, 567, 24, 5, '2021-01-30', NULL, 3700.00, 'Permanent'),
(568, 568, 27, 14, '2020-11-10', NULL, 3300.00, 'PartTime'),
(569, 569, 29, 8, '2021-06-25', NULL, 4500.00, 'Permanent'),
(570, 570, 30, 1, '2020-07-15', NULL, 4000.00, 'Contract'),
(571, 571, 31, 1, '2021-09-05', NULL, 5000.00, 'Permanent'),
(572, 572, 33, 11, '2020-02-20', NULL, 4600.00, 'Permanent'),
(573, 573, 34, 8, '2021-11-08', NULL, 4200.00, 'Permanent'),
(574, 574, 35, 1, '2020-05-30', NULL, 3400.00, 'Contract'),
(575, 575, 36, 3, '2021-03-01', NULL, 3100.00, 'PartTime'),
(576, 576, 37, 7, '2020-07-22', NULL, 5200.00, 'Permanent'),
(577, 577, 38, 15, '2021-12-10', NULL, 4300.00, 'Permanent'),
(578, 578, 39, 17, '2020-04-28', NULL, 3900.00, 'Permanent'),
(579, 579, 40, 13, '2021-06-15', NULL, 4800.00, 'Permanent'),
(580, 580, 46, 18, '2020-09-30', NULL, 4700.00, 'Permanent'),
(581, 581, 47, 1, '2022-02-05', NULL, 5500.00, 'Contract'),
(582, 582, 48, 1, '2021-08-22', NULL, 3300.00, 'Permanent'),
(583, 583, 49, 16, '2020-11-17', NULL, 5100.00, 'Permanent'),
(584, 584, 50, 10, '2021-05-08', NULL, 4900.00, 'Permanent'),
(585, 585, 1, 1, '2019-06-12', NULL, 4500.00, 'Permanent'),
(586, 586, 3, 1, '2020-03-20', NULL, 5500.00, 'Permanent'),
(587, 587, 4, 6, '2021-01-25', NULL, 3000.00, 'PartTime'),
(588, 588, 7, 4, '2020-10-10', NULL, 3200.00, 'Contract'),
(589, 589, 9, 2, '2022-04-15', NULL, 4500.00, 'Permanent'),
(590, 590, 11, 1, '2021-07-30', NULL, 4800.00, 'Permanent'),
(591, 591, 12, 8, '2020-06-15', NULL, 4200.00, 'Permanent'),
(592, 592, 15, 15, '2021-03-10', NULL, 5200.00, 'Permanent'),
(593, 593, 16, 1, '2019-09-20', NULL, 3600.00, 'Contract'),
(594, 594, 19, 15, '2020-12-05', NULL, 3900.00, 'Permanent'),
(595, 595, 20, 16, '2021-08-15', NULL, 4100.00, 'Permanent'),
(596, 596, 23, 5, '2020-04-22', NULL, 3800.00, 'Contract'),
(597, 597, 24, 5, '2021-01-30', NULL, 3700.00, 'Permanent'),
(598, 598, 27, 14, '2020-11-10', NULL, 3300.00, 'PartTime'),
(599, 599, 29, 8, '2021-06-25', NULL, 4500.00, 'Permanent'),
(600, 600, 30, 1, '2020-07-15', NULL, 4000.00, 'Contract'),
(601, 601, 31, 1, '2021-09-05', NULL, 5000.00, 'Permanent'),
(602, 602, 33, 11, '2020-02-20', NULL, 4600.00, 'Permanent'),
(603, 603, 34, 8, '2021-11-08', NULL, 4200.00, 'Permanent'),
(604, 604, 35, 1, '2020-05-30', NULL, 3400.00, 'Contract'),
(605, 605, 36, 3, '2021-03-01', NULL, 3100.00, 'PartTime'),
(606, 606, 37, 7, '2020-07-22', NULL, 5200.00, 'Permanent'),
(607, 607, 38, 15, '2021-12-10', NULL, 4300.00, 'Permanent'),
(608, 608, 39, 17, '2020-04-28', NULL, 3900.00, 'Permanent'),
(609, 609, 40, 13, '2021-06-15', NULL, 4800.00, 'Permanent'),
(610, 610, 46, 18, '2020-09-30', NULL, 4700.00, 'Permanent'),
(611, 611, 47, 1, '2022-02-05', NULL, 5500.00, 'Contract'),
(612, 612, 48, 1, '2021-08-22', NULL, 3300.00, 'Permanent'),
(613, 613, 49, 16, '2020-11-17', NULL, 5100.00, 'Permanent'),
(614, 614, 50, 10, '2021-05-08', NULL, 4900.00, 'Permanent'),
(615, 615, 1, 1, '2019-06-12', NULL, 4500.00, 'Permanent'),
(616, 616, 3, 1, '2020-03-20', NULL, 5500.00, 'Permanent'),
(617, 617, 4, 6, '2021-01-25', NULL, 3000.00, 'PartTime'),
(618, 618, 7, 4, '2020-10-10', NULL, 3200.00, 'Contract'),
(619, 619, 9, 2, '2022-04-15', NULL, 4500.00, 'Permanent'),
(620, 620, 11, 1, '2021-07-30', NULL, 4800.00, 'Permanent'),
(621, 621, 12, 8, '2020-06-15', NULL, 4200.00, 'Permanent'),
(622, 622, 15, 15, '2021-03-10', NULL, 5200.00, 'Permanent'),
(623, 623, 16, 1, '2019-09-20', NULL, 3600.00, 'Contract'),
(624, 624, 19, 15, '2020-12-05', NULL, 3900.00, 'Permanent'),
(625, 625, 20, 16, '2021-08-15', NULL, 4100.00, 'Permanent'),
(626, 626, 23, 5, '2020-04-22', NULL, 3800.00, 'Contract'),
(627, 627, 24, 5, '2021-01-30', NULL, 3700.00, 'Permanent'),
(628, 628, 27, 14, '2020-11-10', NULL, 3300.00, 'PartTime'),
(629, 629, 29, 8, '2021-06-25', NULL, 4500.00, 'Permanent'),
(630, 630, 30, 1, '2020-07-15', NULL, 4000.00, 'Contract'),
(631, 631, 31, 1, '2021-09-05', NULL, 5000.00, 'Permanent'),
(632, 632, 33, 11, '2020-02-20', NULL, 4600.00, 'Permanent'),
(633, 633, 34, 8, '2021-11-08', NULL, 4200.00, 'Permanent'),
(634, 634, 35, 1, '2020-05-30', NULL, 3400.00, 'Contract'),
(635, 635, 36, 3, '2021-03-01', NULL, 3100.00, 'PartTime'),
(636, 636, 37, 7, '2020-07-22', NULL, 5200.00, 'Permanent'),
(637, 637, 38, 15, '2021-12-10', NULL, 4300.00, 'Permanent'),
(638, 638, 39, 17, '2020-04-28', NULL, 3900.00, 'Permanent'),
(639, 639, 40, 13, '2021-06-15', NULL, 4800.00, 'Permanent'),
(640, 640, 46, 18, '2020-09-30', NULL, 4700.00, 'Permanent'),
(641, 641, 47, 1, '2022-02-05', NULL, 5500.00, 'Contract'),
(642, 642, 48, 1, '2021-08-22', NULL, 3300.00, 'Permanent'),
(643, 643, 49, 16, '2020-11-17', NULL, 5100.00, 'Permanent'),
(644, 644, 50, 10, '2021-05-08', NULL, 4900.00, 'Permanent'),
(645, 645, 1, 1, '2019-06-12', NULL, 4500.00, 'Permanent'),
(646, 646, 3, 1, '2020-03-20', NULL, 5500.00, 'Permanent'),
(647, 647, 4, 6, '2021-01-25', NULL, 3000.00, 'PartTime'),
(648, 648, 7, 4, '2020-10-10', NULL, 3200.00, 'Contract'),
(649, 649, 9, 2, '2022-04-15', NULL, 4500.00, 'Permanent'),
(650, 650, 11, 1, '2021-07-30', NULL, 4800.00, 'Permanent'),
(651, 651, 12, 8, '2020-06-15', NULL, 4200.00, 'Permanent'),
(652, 652, 15, 15, '2021-03-10', NULL, 5200.00, 'Permanent'),
(653, 653, 16, 1, '2019-09-20', NULL, 3600.00, 'Contract'),
(654, 654, 19, 15, '2020-12-05', NULL, 3900.00, 'Permanent'),
(655, 655, 20, 16, '2021-08-15', NULL, 4100.00, 'Permanent'),
(656, 656, 23, 5, '2020-04-22', NULL, 3800.00, 'Contract'),
(657, 657, 24, 5, '2021-01-30', NULL, 3700.00, 'Permanent'),
(658, 658, 27, 14, '2020-11-10', NULL, 3300.00, 'PartTime'),
(659, 659, 29, 8, '2021-06-25', NULL, 4500.00, 'Permanent'),
(660, 660, 30, 1, '2020-07-15', NULL, 4000.00, 'Contract'),
(661, 661, 31, 1, '2021-09-05', NULL, 5000.00, 'Permanent'),
(662, 662, 33, 11, '2020-02-20', NULL, 4600.00, 'Permanent'),
(663, 663, 34, 8, '2021-11-08', NULL, 4200.00, 'Permanent'),
(664, 664, 35, 1, '2020-05-30', NULL, 3400.00, 'Contract'),
(665, 665, 36, 3, '2021-03-01', NULL, 3100.00, 'PartTime'),
(666, 666, 37, 7, '2020-07-22', NULL, 5200.00, 'Permanent'),
(667, 667, 38, 15, '2021-12-10', NULL, 4300.00, 'Permanent'),
(668, 668, 39, 17, '2020-04-28', NULL, 3900.00, 'Permanent'),
(669, 669, 40, 13, '2021-06-15', NULL, 4800.00, 'Permanent'),
(670, 670, 46, 18, '2020-09-30', NULL, 4700.00, 'Permanent'),
(671, 671, 47, 1, '2022-02-05', NULL, 5500.00, 'Contract'),
(672, 672, 48, 1, '2021-08-22', NULL, 3300.00, 'Permanent'),
(673, 673, 49, 16, '2020-11-17', NULL, 5100.00, 'Permanent'),
(674, 674, 50, 10, '2021-05-08', NULL, 4900.00, 'Permanent'),
(675, 675, 1, 1, '2019-06-12', NULL, 4500.00, 'Permanent'),
(676, 676, 3, 1, '2020-03-20', NULL, 5500.00, 'Permanent'),
(677, 677, 4, 6, '2021-01-25', NULL, 3000.00, 'PartTime'),
(678, 678, 7, 4, '2020-10-10', NULL, 3200.00, 'Contract'),
(679, 679, 9, 2, '2022-04-15', NULL, 4500.00, 'Permanent'),
(680, 680, 11, 1, '2021-07-30', NULL, 4800.00, 'Permanent'),
(681, 681, 12, 8, '2020-06-15', NULL, 4200.00, 'Permanent'),
(682, 682, 15, 15, '2021-03-10', NULL, 5200.00, 'Permanent'),
(683, 683, 16, 1, '2019-09-20', NULL, 3600.00, 'Contract'),
(684, 684, 19, 15, '2020-12-05', NULL, 3900.00, 'Permanent'),
(685, 685, 20, 16, '2021-08-15', NULL, 4100.00, 'Permanent'),
(686, 686, 23, 5, '2020-04-22', NULL, 3800.00, 'Contract'),
(687, 687, 24, 5, '2021-01-30', NULL, 3700.00, 'Permanent'),
(688, 688, 27, 14, '2020-11-10', NULL, 3300.00, 'PartTime'),
(689, 689, 29, 8, '2021-06-25', NULL, 4500.00, 'Permanent'),
(690, 690, 30, 1, '2020-07-15', NULL, 4000.00, 'Contract'),
(691, 691, 31, 1, '2021-09-05', NULL, 5000.00, 'Permanent'),
(692, 692, 33, 11, '2020-02-20', NULL, 4600.00, 'Permanent'),
(693, 693, 34, 8, '2021-11-08', NULL, 4200.00, 'Permanent'),
(694, 694, 35, 1, '2020-05-30', NULL, 3400.00, 'Contract'),
(695, 695, 36, 3, '2021-03-01', NULL, 3100.00, 'PartTime'),
(696, 696, 37, 7, '2020-07-22', NULL, 5200.00, 'Permanent'),
(697, 697, 38, 15, '2021-12-10', NULL, 4300.00, 'Permanent'),
(698, 698, 39, 17, '2020-04-28', NULL, 3900.00, 'Permanent'),
(699, 699, 40, 13, '2021-06-15', NULL, 4800.00, 'Permanent'),
(700, 700, 46, 18, '2020-09-30', NULL, 4700.00, 'Permanent'),
(701, 701, 47, 1, '2022-02-05', NULL, 5500.00, 'Contract'),
(702, 702, 48, 1, '2021-08-22', NULL, 3300.00, 'Permanent'),
(703, 703, 49, 16, '2020-11-17', NULL, 5100.00, 'Permanent'),
(704, 704, 50, 10, '2021-05-08', NULL, 4900.00, 'Permanent'),
(705, 705, 1, 1, '2019-06-12', NULL, 4500.00, 'Permanent'),
(706, 706, 3, 1, '2020-03-20', NULL, 5500.00, 'Permanent'),
(707, 707, 4, 6, '2021-01-25', NULL, 3000.00, 'PartTime'),
(708, 708, 7, 4, '2020-10-10', NULL, 3200.00, 'Contract'),
(709, 709, 9, 2, '2022-04-15', NULL, 4500.00, 'Permanent'),
(710, 710, 11, 1, '2021-07-30', NULL, 4800.00, 'Permanent'),
(711, 711, 12, 8, '2020-06-15', NULL, 4200.00, 'Permanent'),
(712, 712, 15, 15, '2021-03-10', NULL, 5200.00, 'Permanent'),
(713, 713, 16, 1, '2019-09-20', NULL, 3600.00, 'Contract'),
(714, 714, 19, 15, '2020-12-05', NULL, 3900.00, 'Permanent'),
(715, 715, 20, 16, '2021-08-15', NULL, 4100.00, 'Permanent'),
(716, 716, 23, 5, '2020-04-22', NULL, 3800.00, 'Contract'),
(717, 717, 24, 5, '2021-01-30', NULL, 3700.00, 'Permanent'),
(718, 718, 27, 14, '2020-11-10', NULL, 3300.00, 'PartTime'),
(719, 719, 29, 8, '2021-06-25', NULL, 4500.00, 'Permanent'),
(720, 720, 30, 1, '2020-07-15', NULL, 4000.00, 'Contract'),
(721, 721, 31, 1, '2021-09-05', NULL, 5000.00, 'Permanent'),
(722, 722, 33, 11, '2020-02-20', NULL, 4600.00, 'Permanent'),
(723, 723, 34, 8, '2021-11-08', NULL, 4200.00, 'Permanent'),
(724, 724, 35, 1, '2020-05-30', NULL, 3400.00, 'Contract'),
(725, 725, 36, 3, '2021-03-01', NULL, 3100.00, 'PartTime'),
(726, 726, 37, 7, '2020-07-22', NULL, 5200.00, 'Permanent'),
(727, 727, 38, 15, '2021-12-10', NULL, 4300.00, 'Permanent'),
(728, 728, 39, 17, '2020-04-28', NULL, 3900.00, 'Permanent'),
(729, 729, 40, 13, '2021-06-15', NULL, 4800.00, 'Permanent'),
(730, 730, 46, 18, '2020-09-30', NULL, 4700.00, 'Permanent'),
(731, 731, 47, 1, '2022-02-05', NULL, 5500.00, 'Contract'),
(732, 732, 48, 1, '2021-08-22', NULL, 3300.00, 'Permanent'),
(733, 733, 49, 16, '2020-11-17', NULL, 5100.00, 'Permanent'),
(734, 734, 50, 10, '2021-05-08', NULL, 4900.00, 'Permanent'),
(735, 735, 1, 1, '2019-06-12', NULL, 4500.00, 'Permanent'),
(736, 736, 3, 1, '2020-03-20', NULL, 5500.00, 'Permanent'),
(737, 737, 4, 6, '2021-01-25', NULL, 3000.00, 'PartTime'),
(738, 738, 7, 4, '2020-10-10', NULL, 3200.00, 'Contract'),
(739, 739, 9, 2, '2022-04-15', NULL, 4500.00, 'Permanent'),
(740, 740, 11, 1, '2021-07-30', NULL, 4800.00, 'Permanent'),
(741, 741, 12, 8, '2020-06-15', NULL, 4200.00, 'Permanent'),
(742, 742, 15, 15, '2021-03-10', NULL, 5200.00, 'Permanent'),
(743, 743, 16, 1, '2019-09-20', NULL, 3600.00, 'Contract'),
(744, 744, 19, 15, '2020-12-05', NULL, 3900.00, 'Permanent'),
(745, 745, 20, 16, '2021-08-15', NULL, 4100.00, 'Permanent'),
(746, 746, 23, 5, '2020-04-22', NULL, 3800.00, 'Contract'),
(747, 747, 24, 5, '2021-01-30', NULL, 3700.00, 'Permanent'),
(748, 748, 27, 14, '2020-11-10', NULL, 3300.00, 'PartTime'),
(749, 749, 29, 8, '2021-06-25', NULL, 4500.00, 'Permanent'),
(750, 750, 30, 1, '2020-07-15', NULL, 4000.00, 'Contract'),
(751, 751, 31, 1, '2021-09-05', NULL, 5000.00, 'Permanent'),
(752, 752, 33, 11, '2020-02-20', NULL, 4600.00, 'Permanent'),
(753, 753, 34, 8, '2021-11-08', NULL, 4200.00, 'Permanent'),
(754, 754, 35, 1, '2020-05-30', NULL, 3400.00, 'Contract'),
(755, 755, 36, 3, '2021-03-01', NULL, 3100.00, 'PartTime'),
(756, 756, 37, 7, '2020-07-22', NULL, 5200.00, 'Permanent'),
(757, 757, 38, 15, '2021-12-10', NULL, 4300.00, 'Permanent'),
(758, 758, 39, 17, '2020-04-28', NULL, 3900.00, 'Permanent'),
(759, 759, 40, 13, '2021-06-15', NULL, 4800.00, 'Permanent'),
(760, 760, 46, 18, '2020-09-30', NULL, 4700.00, 'Permanent'),
(761, 761, 47, 1, '2022-02-05', NULL, 5500.00, 'Contract'),
(762, 762, 48, 1, '2021-08-22', NULL, 3300.00, 'Permanent'),
(763, 763, 49, 16, '2020-11-17', NULL, 5100.00, 'Permanent'),
(764, 764, 50, 10, '2021-05-08', NULL, 4900.00, 'Permanent'),
(765, 765, 1, 1, '2019-06-12', NULL, 4500.00, 'Permanent'),
(766, 766, 3, 1, '2020-03-20', NULL, 5500.00, 'Permanent'),
(767, 767, 4, 6, '2021-01-25', NULL, 3000.00, 'PartTime'),
(768, 768, 7, 4, '2020-10-10', NULL, 3200.00, 'Contract'),
(769, 769, 9, 2, '2022-04-15', NULL, 4500.00, 'Permanent'),
(770, 770, 11, 1, '2021-07-30', NULL, 4800.00, 'Permanent'),
(771, 771, 12, 8, '2020-06-15', NULL, 4200.00, 'Permanent'),
(772, 772, 15, 15, '2021-03-10', NULL, 5200.00, 'Permanent'),
(773, 773, 16, 1, '2019-09-20', NULL, 3600.00, 'Contract'),
(774, 774, 19, 15, '2020-12-05', NULL, 3900.00, 'Permanent'),
(775, 775, 20, 16, '2021-08-15', NULL, 4100.00, 'Permanent'),
(776, 776, 23, 5, '2020-04-22', NULL, 3800.00, 'Contract'),
(777, 777, 24, 5, '2021-01-30', NULL, 3700.00, 'Permanent'),
(778, 778, 27, 14, '2020-11-10', NULL, 3300.00, 'PartTime'),
(779, 779, 29, 8, '2021-06-25', NULL, 4500.00, 'Permanent'),
(780, 780, 30, 1, '2020-07-15', NULL, 4000.00, 'Contract'),
(781, 781, 31, 1, '2021-09-05', NULL, 5000.00, 'Permanent'),
(782, 782, 33, 11, '2020-02-20', NULL, 4600.00, 'Permanent'),
(783, 783, 34, 8, '2021-11-08', NULL, 4200.00, 'Permanent'),
(784, 784, 35, 1, '2020-05-30', NULL, 3400.00, 'Contract'),
(785, 785, 36, 3, '2021-03-01', NULL, 3100.00, 'PartTime'),
(786, 786, 37, 7, '2020-07-22', NULL, 5200.00, 'Permanent'),
(787, 787, 38, 15, '2021-12-10', NULL, 4300.00, 'Permanent'),
(788, 788, 39, 17, '2020-04-28', NULL, 3900.00, 'Permanent'),
(789, 789, 40, 13, '2021-06-15', NULL, 4800.00, 'Permanent'),
(790, 790, 46, 18, '2020-09-30', NULL, 4700.00, 'Permanent'),
(791, 791, 47, 1, '2022-02-05', NULL, 5500.00, 'Contract'),
(792, 792, 48, 1, '2021-08-22', NULL, 3300.00, 'Permanent'),
(793, 793, 49, 16, '2020-11-17', NULL, 5100.00, 'Permanent'),
(794, 794, 50, 10, '2021-05-08', NULL, 4900.00, 'Permanent'),
(795, 795, 1, 1, '2019-06-12', NULL, 4500.00, 'Permanent'),
(796, 796, 3, 1, '2020-03-20', NULL, 5500.00, 'Permanent'),
(797, 797, 4, 6, '2021-01-25', NULL, 3000.00, 'PartTime'),
(798, 798, 7, 4, '2020-10-10', NULL, 3200.00, 'Contract'),
(799, 799, 9, 2, '2022-04-15', NULL, 4500.00, 'Permanent'),
(800, 800, 11, 1, '2021-07-30', NULL, 4800.00, 'Permanent'),
(801, 801, 12, 8, '2020-06-15', NULL, 4200.00, 'Permanent'),
(802, 802, 15, 15, '2021-03-10', NULL, 5200.00, 'Permanent'),
(803, 803, 16, 1, '2019-09-20', NULL, 3600.00, 'Contract'),
(804, 804, 19, 15, '2020-12-05', NULL, 3900.00, 'Permanent'),
(805, 805, 20, 16, '2021-08-15', NULL, 4100.00, 'Permanent'),
(806, 806, 23, 5, '2020-04-22', NULL, 3800.00, 'Contract'),
(807, 807, 24, 5, '2021-01-30', NULL, 3700.00, 'Permanent'),
(808, 808, 27, 14, '2020-11-10', NULL, 3300.00, 'PartTime'),
(809, 809, 29, 8, '2021-06-25', NULL, 4500.00, 'Permanent'),
(810, 810, 30, 1, '2020-07-15', NULL, 4000.00, 'Contract'),
(811, 811, 31, 1, '2021-09-05', NULL, 5000.00, 'Permanent'),
(812, 812, 33, 11, '2020-02-20', NULL, 4600.00, 'Permanent'),
(813, 813, 34, 8, '2021-11-08', NULL, 4200.00, 'Permanent'),
(814, 814, 35, 1, '2020-05-30', NULL, 3400.00, 'Contract'),
(815, 815, 36, 3, '2021-03-01', NULL, 3100.00, 'PartTime'),
(816, 816, 37, 7, '2020-07-22', NULL, 5200.00, 'Permanent'),
(817, 817, 38, 15, '2021-12-10', NULL, 4300.00, 'Permanent'),
(818, 818, 39, 17, '2020-04-28', NULL, 3900.00, 'Permanent'),
(819, 819, 40, 13, '2021-06-15', NULL, 4800.00, 'Permanent'),
(820, 820, 46, 18, '2020-09-30', NULL, 4700.00, 'Permanent'),
(821, 821, 47, 1, '2022-02-05', NULL, 5500.00, 'Contract'),
(822, 822, 48, 1, '2021-08-22', NULL, 3300.00, 'Permanent'),
(823, 823, 49, 16, '2020-11-17', NULL, 5100.00, 'Permanent'),
(824, 824, 50, 10, '2021-05-08', NULL, 4900.00, 'Permanent'),
(825, 825, 1, 1, '2019-06-12', NULL, 4500.00, 'Permanent'),
(826, 826, 3, 1, '2020-03-20', NULL, 5500.00, 'Permanent'),
(827, 827, 4, 6, '2021-01-25', NULL, 3000.00, 'PartTime'),
(828, 828, 7, 4, '2020-10-10', NULL, 3200.00, 'Contract'),
(829, 829, 9, 2, '2022-04-15', NULL, 4500.00, 'Permanent'),
(830, 830, 11, 1, '2021-07-30', NULL, 4800.00, 'Permanent'),
(831, 831, 12, 8, '2020-06-15', NULL, 4200.00, 'Permanent'),
(832, 832, 15, 15, '2021-03-10', NULL, 5200.00, 'Permanent'),
(833, 833, 16, 1, '2019-09-20', NULL, 3600.00, 'Contract'),
(834, 834, 19, 15, '2020-12-05', NULL, 3900.00, 'Permanent'),
(835, 835, 20, 16, '2021-08-15', NULL, 4100.00, 'Permanent'),
(836, 836, 23, 5, '2020-04-22', NULL, 3800.00, 'Contract'),
(837, 837, 24, 5, '2021-01-30', NULL, 3700.00, 'Permanent'),
(838, 838, 27, 14, '2020-11-10', NULL, 3300.00, 'PartTime'),
(839, 839, 29, 8, '2021-06-25', NULL, 4500.00, 'Permanent'),
(840, 840, 30, 1, '2020-07-15', NULL, 4000.00, 'Contract'),
(841, 841, 31, 1, '2021-09-05', NULL, 5000.00, 'Permanent'),
(842, 842, 33, 11, '2020-02-20', NULL, 4600.00, 'Permanent'),
(843, 843, 34, 8, '2021-11-08', NULL, 4200.00, 'Permanent'),
(844, 844, 35, 1, '2020-05-30', NULL, 3400.00, 'Contract'),
(845, 845, 36, 3, '2021-03-01', NULL, 3100.00, 'PartTime'),
(846, 846, 37, 7, '2020-07-22', NULL, 5200.00, 'Permanent'),
(847, 847, 38, 15, '2021-12-10', NULL, 4300.00, 'Permanent'),
(848, 848, 39, 17, '2020-04-28', NULL, 3900.00, 'Permanent'),
(849, 849, 40, 13, '2021-06-15', NULL, 4800.00, 'Permanent'),
(850, 850, 46, 18, '2020-09-30', NULL, 4700.00, 'Permanent'),
(851, 851, 47, 1, '2022-02-05', NULL, 5500.00, 'Contract'),
(852, 852, 48, 1, '2021-08-22', NULL, 3300.00, 'Permanent'),
(853, 853, 49, 16, '2020-11-17', NULL, 5100.00, 'Permanent'),
(854, 854, 50, 10, '2021-05-08', NULL, 4900.00, 'Permanent'),
(855, 855, 1, 1, '2019-06-12', NULL, 4500.00, 'Permanent'),
(856, 856, 3, 1, '2020-03-20', NULL, 5500.00, 'Permanent'),
(857, 857, 4, 6, '2021-01-25', NULL, 3000.00, 'PartTime'),
(858, 858, 7, 4, '2020-10-10', NULL, 3200.00, 'Contract'),
(859, 859, 9, 2, '2022-04-15', NULL, 4500.00, 'Permanent'),
(860, 860, 11, 1, '2021-07-30', NULL, 4800.00, 'Permanent'),
(861, 861, 12, 8, '2020-06-15', NULL, 4200.00, 'Permanent'),
(862, 862, 15, 15, '2021-03-10', NULL, 5200.00, 'Permanent'),
(863, 863, 16, 1, '2019-09-20', NULL, 3600.00, 'Contract'),
(864, 864, 19, 15, '2020-12-05', NULL, 3900.00, 'Permanent'),
(865, 865, 20, 16, '2021-08-15', NULL, 4100.00, 'Permanent'),
(866, 866, 23, 5, '2020-04-22', NULL, 3800.00, 'Contract'),
(867, 867, 24, 5, '2021-01-30', NULL, 3700.00, 'Permanent'),
(868, 868, 27, 14, '2020-11-10', NULL, 3300.00, 'PartTime'),
(869, 869, 29, 8, '2021-06-25', NULL, 4500.00, 'Permanent'),
(870, 870, 30, 1, '2020-07-15', NULL, 4000.00, 'Contract'),
(871, 871, 31, 1, '2021-09-05', NULL, 5000.00, 'Permanent'),
(872, 872, 33, 11, '2020-02-20', NULL, 4600.00, 'Permanent'),
(873, 873, 34, 8, '2021-11-08', NULL, 4200.00, 'Permanent'),
(874, 874, 35, 1, '2020-05-30', NULL, 3400.00, 'Contract'),
(875, 875, 36, 3, '2021-03-01', NULL, 3100.00, 'PartTime'),
(876, 876, 37, 7, '2020-07-22', NULL, 5200.00, 'Permanent'),
(877, 877, 38, 15, '2021-12-10', NULL, 4300.00, 'Permanent'),
(878, 878, 39, 17, '2020-04-28', NULL, 3900.00, 'Permanent'),
(879, 879, 40, 13, '2021-06-15', NULL, 4800.00, 'Permanent'),
(880, 880, 46, 18, '2020-09-30', NULL, 4700.00, 'Permanent'),
(881, 881, 47, 1, '2022-02-05', NULL, 5500.00, 'Contract'),
(882, 882, 48, 1, '2021-08-22', NULL, 3300.00, 'Permanent'),
(883, 883, 49, 16, '2020-11-17', NULL, 5100.00, 'Permanent'),
(884, 884, 50, 10, '2021-05-08', NULL, 4900.00, 'Permanent'),
(885, 885, 1, 1, '2019-06-12', NULL, 4500.00, 'Permanent'),
(886, 886, 3, 1, '2020-03-20', NULL, 5500.00, 'Permanent'),
(887, 887, 4, 6, '2021-01-25', NULL, 3000.00, 'PartTime'),
(888, 888, 7, 4, '2020-10-10', NULL, 3200.00, 'Contract'),
(889, 889, 9, 2, '2022-04-15', NULL, 4500.00, 'Permanent'),
(890, 890, 11, 1, '2021-07-30', NULL, 4800.00, 'Permanent'),
(891, 891, 12, 8, '2020-06-15', NULL, 4200.00, 'Permanent'),
(892, 892, 15, 15, '2021-03-10', NULL, 5200.00, 'Permanent'),
(893, 893, 16, 1, '2019-09-20', NULL, 3600.00, 'Contract'),
(894, 894, 19, 15, '2020-12-05', NULL, 3900.00, 'Permanent'),
(895, 895, 20, 16, '2021-08-15', NULL, 4100.00, 'Permanent'),
(896, 896, 23, 5, '2020-04-22', NULL, 3800.00, 'Contract'),
(897, 897, 24, 5, '2021-01-30', NULL, 3700.00, 'Permanent'),
(898, 898, 27, 14, '2020-11-10', NULL, 3300.00, 'PartTime'),
(899, 899, 29, 8, '2021-06-25', NULL, 4500.00, 'Permanent'),
(900, 900, 30, 1, '2020-07-15', NULL, 4000.00, 'Contract'),
(901, 901, 31, 1, '2021-09-05', NULL, 5000.00, 'Permanent'),
(902, 902, 33, 11, '2020-02-20', NULL, 4600.00, 'Permanent'),
(903, 903, 34, 8, '2021-11-08', NULL, 4200.00, 'Permanent'),
(904, 904, 35, 1, '2020-05-30', NULL, 3400.00, 'Contract'),
(905, 905, 36, 3, '2021-03-01', NULL, 3100.00, 'PartTime'),
(906, 906, 37, 7, '2020-07-22', NULL, 5200.00, 'Permanent'),
(907, 907, 38, 15, '2021-12-10', NULL, 4300.00, 'Permanent'),
(908, 908, 39, 17, '2020-04-28', NULL, 3900.00, 'Permanent'),
(909, 909, 40, 13, '2021-06-15', NULL, 4800.00, 'Permanent'),
(910, 910, 46, 18, '2020-09-30', NULL, 4700.00, 'Permanent'),
(911, 911, 47, 1, '2022-02-05', NULL, 5500.00, 'Contract'),
(912, 912, 48, 1, '2021-08-22', NULL, 3300.00, 'Permanent'),
(913, 913, 49, 16, '2020-11-17', NULL, 5100.00, 'Permanent'),
(914, 914, 50, 10, '2021-05-08', NULL, 4900.00, 'Permanent'),
(915, 915, 1, 1, '2019-06-12', NULL, 4500.00, 'Permanent'),
(916, 916, 3, 1, '2020-03-20', NULL, 5500.00, 'Permanent'),
(917, 917, 4, 6, '2021-01-25', NULL, 3000.00, 'PartTime'),
(918, 918, 7, 4, '2020-10-10', NULL, 3200.00, 'Contract'),
(919, 919, 9, 2, '2022-04-15', NULL, 4500.00, 'Permanent'),
(920, 920, 11, 1, '2021-07-30', NULL, 4800.00, 'Permanent'),
(921, 921, 12, 8, '2020-06-15', NULL, 4200.00, 'Permanent'),
(922, 922, 15, 15, '2021-03-10', NULL, 5200.00, 'Permanent'),
(923, 923, 16, 1, '2019-09-20', NULL, 3600.00, 'Contract'),
(924, 924, 19, 15, '2020-12-05', NULL, 3900.00, 'Permanent'),
(925, 925, 20, 16, '2021-08-15', NULL, 4100.00, 'Permanent'),
(926, 926, 23, 5, '2020-04-22', NULL, 3800.00, 'Contract'),
(927, 927, 24, 5, '2021-01-30', NULL, 3700.00, 'Permanent'),
(928, 928, 27, 14, '2020-11-10', NULL, 3300.00, 'PartTime'),
(929, 929, 29, 8, '2021-06-25', NULL, 4500.00, 'Permanent'),
(930, 930, 30, 1, '2020-07-15', NULL, 4000.00, 'Contract'),
(931, 931, 31, 1, '2021-09-05', NULL, 5000.00, 'Permanent'),
(932, 932, 33, 11, '2020-02-20', NULL, 4600.00, 'Permanent'),
(933, 933, 34, 8, '2021-11-08', NULL, 4200.00, 'Permanent'),
(934, 934, 35, 1, '2020-05-30', NULL, 3400.00, 'Contract'),
(935, 935, 36, 3, '2021-03-01', NULL, 3100.00, 'PartTime'),
(936, 936, 37, 7, '2020-07-22', NULL, 5200.00, 'Permanent'),
(937, 937, 38, 15, '2021-12-10', NULL, 4300.00, 'Permanent'),
(938, 938, 39, 17, '2020-04-28', NULL, 3900.00, 'Permanent'),
(939, 939, 40, 13, '2021-06-15', NULL, 4800.00, 'Permanent'),
(940, 940, 46, 18, '2020-09-30', NULL, 4700.00, 'Permanent'),
(941, 941, 47, 1, '2022-02-05', NULL, 5500.00, 'Contract'),
(942, 942, 48, 1, '2021-08-22', NULL, 3300.00, 'Permanent'),
(943, 943, 49, 16, '2020-11-17', NULL, 5100.00, 'Permanent'),
(944, 944, 50, 10, '2021-05-08', NULL, 4900.00, 'Permanent'),
(945, 945, 1, 1, '2019-06-12', NULL, 4500.00, 'Permanent'),
(946, 946, 3, 1, '2020-03-20', NULL, 5500.00, 'Permanent'),
(947, 947, 4, 6, '2021-01-25', NULL, 3000.00, 'PartTime'),
(948, 948, 7, 4, '2020-10-10', NULL, 3200.00, 'Contract'),
(949, 949, 9, 2, '2022-04-15', NULL, 4500.00, 'Permanent'),
(950, 950, 11, 1, '2021-07-30', NULL, 4800.00, 'Permanent'),
(951, 951, 1, 1, '2020-01-10', '2023-06-15', 4500.00, 'Permanent'),
(952, 952, 6, 5, '2018-05-15', '2022-11-20', 4000.00, 'Permanent'),
(953, 953, 7, 4, '2021-03-01', '2024-03-10', 3200.00, 'Contract'),
(954, 954, 4, 6, '2020-06-20', '2023-09-05', 3000.00, 'Permanent'),
(955, 955, 5, 10, '2019-02-10', '2022-07-22', 8000.00, 'Permanent'),
(956, 956, 11, 1, '2021-08-15', '2024-01-18', 4800.00, 'Permanent'),
(957, 957, 8, 1, '2020-04-05', '2023-04-30', 3800.00, 'Contract'),
(958, 958, 9, 2, '2021-01-12', '2022-12-12', 4500.00, 'Permanent'),
(959, 959, 12, 8, '2019-07-20', '2023-08-25', 4200.00, 'Permanent'),
(960, 960, 19, 15, '2020-09-10', '2024-02-28', 3900.00, 'Permanent'),
(961, 961, 16, 1, '2021-02-15', '2023-05-17', 3600.00, 'Contract'),
(962, 962, 27, 14, '2020-03-25', '2022-10-08', 3300.00, 'PartTime'),
(963, 963, 14, 9, '2018-11-10', '2023-11-15', 6000.00, 'Permanent'),
(964, 964, 20, 16, '2021-05-05', '2024-04-20', 4100.00, 'Permanent'),
(965, 965, 29, 8, '2020-07-15', '2023-02-10', 4500.00, 'Permanent'),
(966, 966, 35, 1, '2021-04-20', '2022-09-30', 3400.00, 'Contract'),
(967, 967, 22, 10, '2019-03-10', '2023-07-12', 6500.00, 'Permanent'),
(968, 968, 26, 10, '2020-10-15', '2024-03-25', 4800.00, 'Permanent'),
(969, 969, 30, 1, '2021-06-01', '2023-01-05', 4000.00, 'Contract'),
(970, 970, 28, 9, '2020-02-20', '2022-08-15', 3000.00, 'Permanent'),
(971, 971, 31, 1, '2021-09-05', NULL, 5000.00, 'Permanent'),
(972, 972, 33, 11, '2020-02-20', NULL, 4600.00, 'Permanent'),
(973, 973, 34, 8, '2021-11-08', NULL, 4200.00, 'Permanent'),
(974, 974, 35, 1, '2020-05-30', NULL, 3400.00, 'Contract'),
(975, 975, 36, 3, '2021-03-01', NULL, 3100.00, 'PartTime'),
(976, 976, 37, 7, '2020-07-22', NULL, 5200.00, 'Permanent'),
(977, 977, 38, 15, '2021-12-10', NULL, 4300.00, 'Permanent'),
(978, 978, 39, 17, '2020-04-28', NULL, 3900.00, 'Permanent'),
(979, 979, 40, 13, '2021-06-15', NULL, 4800.00, 'Permanent'),
(980, 980, 46, 18, '2020-09-30', NULL, 4700.00, 'Permanent'),
(981, 981, 47, 1, '2022-02-05', NULL, 5500.00, 'Contract'),
(982, 982, 48, 1, '2021-08-22', NULL, 3300.00, 'Permanent'),
(983, 983, 49, 16, '2020-11-17', NULL, 5100.00, 'Permanent'),
(984, 984, 50, 10, '2021-05-08', NULL, 4900.00, 'Permanent'),
(985, 985, 1, 1, '2019-06-12', NULL, 4500.00, 'Permanent'),
(986, 986, 3, 1, '2020-03-20', NULL, 5500.00, 'Permanent'),
(987, 987, 4, 6, '2021-01-25', NULL, 3000.00, 'PartTime'),
(988, 988, 7, 4, '2020-10-10', NULL, 3200.00, 'Contract'),
(989, 989, 9, 2, '2022-04-15', NULL, 4500.00, 'Permanent'),
(990, 990, 11, 1, '2021-07-30', NULL, 4800.00, 'Permanent'),
(991, 991, 12, 8, '2020-06-15', NULL, 4200.00, 'Permanent'),
(992, 992, 15, 15, '2021-03-10', NULL, 5200.00, 'Permanent'),
(993, 993, 16, 1, '2019-09-20', NULL, 3600.00, 'Contract'),
(994, 994, 19, 15, '2020-12-05', NULL, 3900.00, 'Permanent'),
(995, 995, 20, 16, '2021-08-15', NULL, 4100.00, 'Permanent'),
(996, 996, 23, 5, '2020-04-22', NULL, 3800.00, 'Contract'),
(997, 997, 24, 5, '2021-01-30', NULL, 3700.00, 'Permanent'),
(998, 998, 27, 14, '2020-11-10', NULL, 3300.00, 'PartTime'),
(999, 999, 29, 8, '2021-06-25', NULL, 4500.00, 'Permanent'),
(1000, 1000, 30, 1, '2020-07-15', NULL, 4000.00, 'Contract');
GO
-- ----------------------------------
-- Insert data for Termination
-- ----------------------------------
INSERT INTO HumanResources.Termination (TerminationID, EmployeeID, TerminationDate, TerminationReason, Notes) VALUES
(1, 951, '2023-06-15', 'Resignation', 'Relocated to another city'),
(2, 952, '2022-11-20', 'Retirement', 'Completed 30 years of service'),
(3, 953, '2024-03-10', 'Dismissal', 'Violated safety protocols'),
(4, 954, '2023-09-05', 'Resignation', 'Pursuing further education'),
(5, 955, '2022-07-22', 'Retirement', 'Reached retirement age'),
(6, 956, '2024-01-18', 'Resignation', 'Accepted a better job offer'),
(7, 957, '2023-04-30', 'Dismissal', 'Poor job performance'),
(8, 958, '2022-12-12', 'Resignation', 'Personal reasons'),
(9, 959, '2023-08-25', 'Retirement', 'Health-related retirement'),
(10, 960, '2024-02-28', 'Resignation', 'Relocated for family'),
(11, 961, '2023-05-17', 'Dismissal', 'Chronic absenteeism'),
(12, 962, '2022-10-08', 'Resignation', 'Changed career path'),
(13, 963, '2023-11-15', 'Retirement', 'Completed long-term service'),
(14, 964, '2024-04-20', 'Resignation', 'Family obligations'),
(15, 965, '2023-02-10', 'Dismissal', 'Breached company policy'),
(16, 966, '2022-09-30', 'Resignation', 'Started own business'),
(17, 967, '2023-07-12', 'Retirement', 'Reached mandatory retirement age'),
(18, 968, '2024-03-25', 'Resignation', 'Health-related issues'),
(19, 969, '2023-01-05', 'Dismissal', 'Workplace misconduct'),
(20, 970, '2022-08-15', 'Resignation', 'Unsatisfied with job role');
GO

-- ----------------------------------
-- Insert data for EmployeeTraining
-- ----------------------------------
INSERT INTO HumanResources.EmployeeTraining (EmployeeTrainingID, EmployeeID, TrainingProgramID, TrainingDate, Score, CompletionStatus, Notes) VALUES
(1, 1, 1, '2023-06-10', 85.00, 'Completed', 'Satisfactory performance'),
(2, 2, 2, '2022-11-15', 90.00, 'Completed', 'Excellent performance'),
(3, 3, 3, '2024-03-20', 75.00, 'Completed', 'Met requirements'),
(4, 4, 4, '2023-09-05', 80.00, 'Completed', 'Good effort'),
(5, 5, 5, '2022-07-22', 88.00, 'Completed', 'Strong skills'),
(6, 6, 6, '2024-01-10', 70.00, 'Completed', 'Needs practice'),
(7, 7, 7, '2023-04-25', 92.00, 'Completed', 'High achievement'),
(8, 8, 8, '2022-12-08', 65.00, 'Failed', 'Retake required'),
(9, 9, 9, '2023-08-15', 95.00, 'Completed', 'Top performer'),
(10, 10, 10, '2024-02-18', 82.00, 'Completed', 'Solid performance'),
(11, 11, 11, '2023-05-30', 78.00, 'Completed', 'Adequate skills'),
(12, 12, 12, '2022-10-12', 85.00, 'Completed', 'Good understanding'),
(13, 13, 13, '2023-11-20', 60.00, 'Failed', 'Missed key modules'),
(14, 14, 14, '2024-04-05', 88.00, 'Completed', 'Strong completion'),
(15, 15, 15, '2023-02-15', 90.00, 'Completed', 'Excellent results'),
(16, 16, 16, '2022-09-25', 83.00, 'Completed', 'Good progress'),
(17, 17, 17, '2023-07-10', 77.00, 'Completed', 'Met expectations'),
(18, 18, 18, '2024-03-12', 70.00, 'Completed', 'Satisfactory outcome'),
(19, 19, 1, '2023-01-08', 85.00, 'Completed', 'Good performance'),
(20, 20, 2, '2022-08-20', 62.00, 'Failed', 'Needs retraining'),
(21, 21, 3, '2023-06-22', 89.00, 'Completed', 'Strong results'),
(22, 22, 4, '2022-11-30', 91.00, 'Completed', 'High proficiency'),
(23, 23, 5, '2024-01-25', 80.00, 'Completed', 'Met standards'),
(24, 24, 6, '2023-09-10', 84.00, 'Completed', 'Good skills'),
(25, 25, 7, '2022-12-15', 75.00, 'Completed', 'Adequate performance'),
(26, 26, 8, '2023-05-05', 68.00, 'Failed', 'Retake scheduled'),
(27, 27, 9, '2024-02-20', 93.00, 'Completed', 'Outstanding results'),
(28, 28, 10, '2023-08-08', 86.00, 'Completed', 'Solid skills'),
(29, 29, 11, '2022-10-18', 79.00, 'Completed', 'Met objectives'),
(30, 30, 12, '2023-11-25', 87.00, 'Completed', 'Good achievement');
GO

-- ----------------------------------
-- Insert data for LeaveRequest
-- ----------------------------------
INSERT INTO HumanResources.LeaveRequest (LeaveRequestID, EmployeeID, LeaveTypeID, StartDate, EndDate, Status, RequestDate, ApprovedBy, Notes) VALUES
(1, 1, 1, '2023-07-01', '2023-07-10', 'Approved', '2023-06-15', 5, 'Vacation request'),
(2, 2, 2, '2023-11-05', '2023-11-07', 'Approved', '2023-11-01', 4, 'Medical certificate provided'),
(3, 3, 3, '2024-01-15', '2024-04-13', 'Approved', '2023-12-20', 5, 'Maternity leave approved'),
(4, 4, 4, '2023-09-10', '2023-09-15', 'Approved', '2023-08-25', 7, 'Paternity leave request'),
(5, 5, 5, '2022-08-01', '2022-08-15', 'Approved', '2022-07-15', 10, 'Personal travel'),
(6, 6, 6, '2023-04-20', '2023-04-24', 'Approved', '2023-04-10', 6, 'Family bereavement'),
(7, 7, 7, '2023-06-05', '2023-06-07', 'Pending', '2023-05-30', 12, 'Emergency leave request'),
(8, 8, 8, '2024-02-10', '2024-02-20', 'Rejected', '2024-01-25', 9, 'Insufficient documentation'),
(9, 9, 9, '2023-12-25', '2023-12-25', 'Approved', '2023-12-15', 10, 'Public holiday leave'),
(10, 10, 10, '2023-03-15', '2023-03-17', 'Approved', '2023-03-01', 11, 'Compensatory leave'),
(11, 11, 1, '2023-08-01', '2023-08-05', 'Approved', '2023-07-15', 12, 'Annual leave approved'),
(12, 12, 2, '2022-10-10', '2022-10-12', 'Approved', '2022-10-05', 13, 'Sick leave with certificate'),
(13, 13, 5, '2024-03-01', '2024-03-10', 'Pending', '2024-02-20', 14, 'Unpaid leave request'),
(14, 14, 6, '2023-05-15', '2023-05-18', 'Approved', '2023-05-01', 15, 'Bereavement leave'),
(15, 15, 7, '2023-11-20', '2023-11-22', 'Approved', '2023-11-10', 16, 'Emergency leave approved'),
(16, 16, 1, '2022-09-01', '2022-09-07', 'Approved', '2022-08-15', 17, 'Vacation request'),
(17, 17, 2, '2023-02-05', '2023-02-06', 'Approved', '2023-01-30', 18, 'Medical leave'),
(18, 18, 3, '2024-04-01', '2024-06-29', 'Approved', '2024-03-15', 19, 'Maternity leave approved'),
(19, 19, 4, '2023-06-10', '2023-06-12', 'Approved', '2023-05-25', 20, 'Paternity leave approved'),
(20, 20, 5, '2023-01-15', '2023-01-25', 'Rejected', '2023-01-01', 21, 'Unpaid leave not eligible'),
(21, 21, 6, '2023-10-05', '2023-10-08', 'Approved', '2023-09-20', 22, 'Bereavement leave'),
(22, 22, 7, '2024-01-10', '2024-01-12', 'Pending', '2023-12-25', 23, 'Emergency leave request'),
(23, 23, 8, '2023-04-01', '2023-04-15', 'Approved', '2023-03-15', 24, 'Study leave approved'),
(24, 24, 9, '2022-12-24', '2022-12-24', 'Approved', '2022-12-10', 25, 'Public holiday leave'),
(25, 25, 10, '2023-07-20', '2023-07-22', 'Approved', '2023-07-05', 26, 'Compensatory leave'),
(26, 26, 1, '2023-09-15', '2023-09-20', 'Approved', '2023-08-30', 27, 'Annual leave approved'),
(27, 27, 2, '2024-02-01', '2024-02-03', 'Approved', '2024-01-20', 28, 'Sick leave with certificate'),
(28, 28, 5, '2023-05-01', '2023-05-10', 'Rejected', '2023-04-15', 29, 'Unpaid leave not justified'),
(29, 29, 6, '2023-12-10', '2023-12-13', 'Approved', '2023-11-25', 30, 'Bereavement leave'),
(30, 30, 7, '2023-03-20', '2023-03-22', 'Approved', '2023-03-05', 31, 'Emergency leave approved'),
(31, 31, 1, '2022-11-01', '2022-11-05', 'Approved', '2022-10-15', 32, 'Vacation request'),
(32, 32, 2, '2023-08-10', '2023-08-12', 'Approved', '2023-07-25', 33, 'Medical leave'),
(33, 33, 3, '2024-05-01', '2024-07-29', 'Approved', '2024-04-15', 34, 'Maternity leave approved'),
(34, 34, 4, '2023-02-15', '2023-02-18', 'Approved', '2023-02-01', 35, 'Paternity leave approved'),
(35, 35, 5, '2023-06-01', '2023-06-15', 'Approved', '2023-05-15', 36, 'Unpaid leave approved'),
(36, 36, 6, '2023-01-05', '2023-01-08', 'Approved', '2022-12-20', 37, 'Bereavement leave'),
(37, 37, 7, '2024-03-15', '2024-03-17', 'Pending', '2024-03-01', 38, 'Emergency leave request'),
(38, 38, 8, '2023-10-01', '2023-10-10', 'Rejected', '2023-09-15', 39, 'Study leave not approved'),
(39, 39, 9, '2023-12-26', '2023-12-26', 'Approved', '2023-12-10', 40, 'Public holiday leave'),
(40, 40, 10, '2023-04-20', '2023-04-22', 'Approved', '2023-04-05', 41, 'Compensatory leave'),
(41, 41, 1, '2023-07-15', '2023-07-20', 'Approved', '2023-06-30', 42, 'Annual leave approved'),
(42, 42, 2, '2022-09-10', '2022-09-12', 'Approved', '2022-09-01', 43, 'Sick leave with certificate'),
(43, 43, 5, '2024-01-01', '2024-01-10', 'Approved', '2023-12-15', 44, 'Unpaid leave approved'),
(44, 44, 6, '2023-11-15', '2023-11-18', 'Approved', '2023-11-01', 45, 'Bereavement leave'),
(45, 45, 7, '2023-05-20', '2023-05-22', 'Approved', '2023-05-05', 46, 'Emergency leave approved'),
(46, 46, 1, '2023-08-01', '2023-08-07', 'Approved', '2023-07-15', 47, 'Vacation request'),
(47, 47, 2, '2023-03-01', '2023-03-03', 'Approved', '2023-02-15', 48, 'Medical leave'),
(48, 48, 3, '2022-10-01', '2022-12-29', 'Approved', '2022-09-15', 49, 'Maternity leave approved'),
(49, 49, 4, '2023-06-15', '2023-06-18', 'Approved', '2023-06-01', 50, 'Paternity leave approved'),
(50, 50, 5, '2023-12-01', '2023-12-10', 'Pending', '2023-11-15', 5, 'Unpaid leave request');
GO